Gender,FCVC,Weight,CALC,FAVC,Height,CH2O,NObeyesdad
1,2.0,64.0,0,0,1.62,2.0,1
1,3.0,56.0,1,0,1.52,3.0,1
0,2.0,77.0,3,0,1.8,2.0,1
0,3.0,87.0,3,0,1.8,2.0,5
0,2.0,89.8,1,0,1.78,2.0,6
0,2.0,53.0,1,1,1.62,2.0,1
1,3.0,55.0,1,1,1.5,2.0,1
0,2.0,53.0,1,0,1.64,2.0,1
0,3.0,64.0,3,1,1.78,2.0,1
0,2.0,68.0,0,1,1.72,2.0,1
0,3.0,105.0,1,1,1.85,3.0,2
1,2.0,80.0,1,1,1.72,2.0,6
0,3.0,56.0,1,0,1.65,3.0,1
0,2.0,99.0,3,1,1.8,2.0,2
0,3.0,60.0,1,1,1.77,1.0,1
1,3.0,66.0,1,0,1.7,2.0,1
0,2.0,102.0,1,1,1.93,1.0,6
1,2.0,78.0,0,1,1.53,2.0,2
1,3.0,82.0,0,1,1.71,1.0,6
1,2.0,70.0,1,0,1.65,2.0,5
0,2.0,80.0,0,0,1.65,2.0,6
1,3.0,87.0,0,1,1.69,2.0,2
1,3.0,60.0,1,1,1.65,2.0,1
1,1.0,82.0,1,1,1.6,2.0,2
0,2.0,68.0,1,1,1.85,2.0,1
0,2.0,50.0,0,0,1.6,2.0,1
0,2.0,65.0,6,1,1.7,2.0,1
1,2.0,52.0,1,1,1.6,2.0,1
0,3.0,76.0,1,1,1.75,2.0,1
0,2.0,70.0,3,1,1.68,2.0,1
0,1.0,83.0,0,1,1.77,3.0,5
1,2.0,68.0,1,0,1.58,1.0,6
1,2.0,76.0,1,0,1.77,3.0,1
0,2.0,90.0,1,0,1.79,2.0,6
0,2.0,62.0,1,1,1.65,2.0,1
1,2.0,65.0,1,0,1.5,2.0,6
1,2.0,49.0,0,1,1.56,1.0,1
1,2.0,48.0,1,1,1.6,1.0,1
0,2.0,67.0,1,1,1.65,2.0,1
1,2.0,88.0,1,1,1.75,3.0,6
1,2.0,75.0,1,1,1.67,2.0,5
0,2.0,60.0,0,0,1.68,2.0,1
1,1.0,64.0,0,1,1.66,1.0,1
0,2.0,62.0,3,1,1.66,2.0,1
0,1.0,80.0,0,0,1.81,2.0,1
1,2.0,65.0,0,0,1.53,1.0,6
0,1.0,72.0,1,1,1.82,3.0,1
0,1.0,72.0,1,1,1.75,3.0,1
1,3.0,60.0,1,0,1.66,2.0,1
1,2.0,50.0,1,1,1.55,2.0,1
1,3.0,54.5,1,1,1.61,3.0,1
1,2.0,44.0,1,1,1.5,1.0,1
1,3.0,52.0,0,1,1.64,2.0,1
1,3.0,55.0,0,0,1.63,2.0,1
1,3.0,55.0,0,0,1.6,3.0,1
0,2.0,62.0,1,0,1.68,2.0,1
0,2.0,70.0,1,1,1.7,1.0,1
0,2.0,65.0,0,0,1.64,1.0,1
1,3.0,67.0,0,1,1.65,2.0,1
0,2.0,55.0,0,1,1.76,3.0,0
1,2.0,49.0,1,1,1.55,3.0,1
0,2.0,58.0,1,1,1.65,2.0,1
0,2.0,62.0,1,1,1.67,2.0,1
0,2.0,55.0,1,1,1.68,2.0,1
1,2.0,57.0,0,1,1.66,1.0,1
1,1.0,69.0,0,1,1.62,2.0,5
0,1.0,90.0,3,1,1.8,2.0,6
0,2.0,95.0,3,1,1.65,2.0,2
0,1.0,112.0,3,1,1.76,2.0,3
0,2.0,60.0,1,0,1.8,3.0,1
1,2.0,80.0,0,1,1.65,2.0,6
1,3.0,50.0,1,0,1.67,3.0,0
1,2.0,60.0,0,0,1.65,3.0,1
0,2.0,65.0,1,0,1.85,3.0,1
0,2.0,85.0,3,1,1.7,3.0,6
1,3.0,45.0,0,0,1.63,3.0,0
1,2.0,45.0,0,0,1.6,2.0,0
1,2.0,80.0,0,1,1.7,3.0,6
1,2.0,90.0,0,1,1.65,3.0,2
0,2.0,60.0,1,0,1.65,2.0,1
1,3.0,58.0,0,0,1.63,2.0,1
0,2.0,91.0,1,1,1.8,2.0,6
0,2.0,85.5,0,1,1.67,2.0,2
1,3.0,45.0,0,0,1.6,3.0,0
0,2.0,83.0,1,1,1.7,2.0,6
0,2.0,58.5,0,0,1.65,2.0,1
0,2.0,83.0,0,1,1.85,3.0,1
0,2.0,87.0,0,1,1.82,2.0,5
1,2.0,65.0,0,1,1.65,2.0,1
1,3.0,78.0,3,1,1.7,1.0,6
1,3.0,93.0,0,0,1.63,1.0,3
1,3.0,64.0,3,0,1.61,2.0,1
0,3.0,84.0,3,0,1.78,3.0,5
1,3.0,57.0,0,0,1.6,2.0,1
1,3.0,48.0,0,1,1.6,2.0,1
0,3.0,70.0,3,0,1.7,2.0,1
1,2.0,60.0,1,0,1.66,2.0,1
1,3.0,42.0,1,0,1.52,1.0,0
1,3.0,42.0,1,0,1.52,1.0,0
0,2.0,70.0,3,0,1.72,2.0,1
1,3.0,63.0,1,1,1.69,1.0,1
0,2.0,66.4,0,0,1.7,2.0,1
1,2.0,57.0,1,1,1.55,2.0,1
1,3.0,58.0,1,1,1.65,2.0,1
1,2.0,80.0,1,1,1.56,2.0,2
1,2.0,55.0,1,1,1.57,2.0,1
1,2.0,55.0,1,1,1.57,2.0,1
0,2.0,90.0,1,1,1.88,1.0,5
0,2.0,95.0,0,0,1.75,3.0,2
1,3.0,88.0,0,1,1.65,3.0,2
0,3.0,75.0,1,1,1.75,2.0,1
1,2.0,58.0,0,1,1.58,1.0,1
1,2.0,51.0,1,1,1.56,2.0,1
1,2.0,49.0,0,0,1.5,2.0,1
1,3.0,62.0,3,1,1.61,2.0,1
1,3.0,57.0,0,1,1.75,2.0,1
1,3.0,86.0,0,1,1.65,1.0,2
1,2.0,85.0,0,0,1.7,2.0,6
0,2.0,53.0,1,1,1.62,2.0,1
1,3.0,76.0,1,0,1.63,3.0,6
1,2.0,75.0,0,1,1.67,2.0,5
0,1.0,95.0,3,1,1.87,2.0,6
0,3.0,50.0,0,0,1.75,1.0,0
0,3.0,67.0,0,1,1.66,2.0,1
0,3.0,90.0,0,1,1.76,1.0,6
0,2.0,80.0,3,1,1.75,2.0,5
0,2.0,68.0,1,1,1.67,2.0,1
1,3.0,61.0,1,1,1.65,3.0,1
0,3.0,70.0,1,1,1.72,1.0,1
0,3.0,78.0,3,1,1.7,3.0,6
1,2.0,53.0,0,1,1.58,2.0,1
0,2.0,58.0,0,0,1.62,1.0,1
1,3.0,56.0,3,1,1.65,3.0,1
1,3.0,66.0,3,1,1.65,2.0,1
0,3.0,109.0,1,1,1.77,1.0,2
0,2.0,75.0,1,1,1.7,2.0,5
0,2.0,72.0,1,1,1.79,2.0,1
0,2.0,80.0,0,0,1.6,3.0,2
0,3.0,75.0,0,0,1.76,3.0,1
0,2.0,68.0,0,1,1.7,2.0,1
0,3.0,65.0,1,1,1.89,3.0,0
0,3.0,66.0,3,1,1.87,2.0,1
0,2.0,93.5,3,1,1.74,1.0,2
1,3.0,75.0,1,1,1.68,1.0,5
0,2.0,67.0,1,0,1.61,3.0,5
0,2.0,70.0,1,1,1.62,3.0,5
1,3.0,51.0,3,0,1.56,2.0,1
1,3.0,80.0,1,0,1.63,1.0,2
1,3.0,61.0,1,1,1.6,2.0,1
1,3.0,90.0,1,1,1.67,2.0,2
0,2.0,78.0,1,1,1.78,2.0,1
1,3.0,59.0,1,1,1.62,2.0,1
1,2.0,60.0,1,1,1.5,2.0,5
0,2.0,84.0,0,0,1.69,3.0,6
0,2.0,94.0,1,1,1.74,2.0,2
1,3.0,63.0,1,1,1.68,2.0,1
1,3.0,45.0,0,0,1.53,1.0,1
0,2.0,60.0,1,1,1.67,2.0,1
1,3.0,62.0,1,0,1.55,3.0,5
0,2.0,78.0,3,1,1.64,2.0,6
0,3.0,72.0,1,0,1.83,1.0,1
0,2.0,80.0,0,1,1.65,2.0,6
1,3.0,60.0,1,1,1.63,2.0,1
0,3.0,75.0,0,0,1.89,2.0,1
0,3.0,85.0,1,0,1.77,3.0,6
0,2.0,130.0,1,0,1.92,1.0,3
1,3.0,72.0,1,0,1.74,2.0,1
0,2.0,80.0,0,0,1.65,2.0,6
1,2.0,79.0,1,1,1.73,2.0,5
1,2.0,77.0,0,1,1.63,1.0,6
0,2.0,82.0,1,1,1.72,2.0,6
0,2.0,58.0,1,1,1.6,2.0,1
1,3.0,59.0,1,0,1.65,2.0,1
0,3.0,64.0,0,0,1.74,2.0,1
0,2.0,70.0,1,1,1.62,3.0,5
1,2.0,59.8,0,1,1.64,2.0,1
1,3.0,48.0,0,1,1.57,1.0,1
0,3.0,84.0,1,1,1.84,2.0,1
0,3.0,84.0,3,1,1.91,2.0,1
0,2.0,70.0,1,1,1.62,3.0,5
1,2.0,48.0,0,1,1.58,2.0,1
1,2.0,67.0,1,1,1.68,1.0,1
1,3.0,52.0,0,1,1.68,2.0,0
1,2.0,60.0,1,1,1.48,1.0,6
0,2.0,70.0,1,1,1.62,3.0,5
1,3.0,68.0,1,0,1.62,2.0,5
0,2.0,96.0,3,0,1.78,3.0,2
0,2.0,98.0,0,0,1.78,3.0,2
0,3.0,105.0,3,1,1.78,3.0,2
1,2.0,62.0,0,1,1.63,2.0,1
0,2.0,56.0,1,1,1.6,2.0,1
0,3.0,80.0,1,1,1.75,2.0,5
0,3.0,85.0,1,0,1.83,3.0,5
0,2.0,68.0,0,0,1.78,3.0,1
1,3.0,83.0,0,1,1.6,3.0,2
0,3.0,85.0,1,1,1.8,2.0,5
0,2.0,74.0,1,0,1.75,2.0,1
0,2.0,118.0,1,1,1.75,2.0,3
1,2.0,40.0,0,1,1.59,1.0,0
1,2.0,60.0,1,1,1.66,1.0,1
1,3.0,83.0,1,0,1.63,3.0,2
1,2.0,80.0,1,1,1.54,1.0,2
1,3.0,102.0,1,1,1.56,1.0,4
0,2.0,90.0,1,0,1.69,3.0,2
0,2.0,71.0,0,1,1.83,2.0,1
1,2.0,78.0,3,1,1.6,2.0,2
0,2.0,100.0,0,1,1.75,2.0,2
0,2.0,73.0,1,0,1.75,2.0,1
1,2.0,65.0,1,1,1.69,2.0,1
1,2.0,65.0,1,1,1.69,2.0,1
0,2.0,114.0,0,1,1.8,2.0,3
1,2.0,51.0,0,1,1.63,1.0,1
1,2.0,63.0,0,0,1.5,2.0,6
0,3.0,62.0,0,1,1.8,2.0,1
0,2.0,53.0,1,1,1.65,2.0,1
0,3.0,70.0,1,1,1.68,3.0,1
1,3.0,63.0,1,0,1.6,2.0,1
0,2.0,75.0,3,0,1.71,3.0,5
1,1.0,42.3,0,0,1.5,2.0,1
1,2.0,68.0,1,1,1.6,3.0,5
1,2.0,78.0,3,0,1.75,2.0,5
0,2.0,82.0,1,1,1.72,1.0,6
1,3.0,66.5,0,1,1.72,3.0,1
1,3.0,63.0,0,1,1.61,3.0,1
1,2.0,82.0,0,1,1.63,2.0,2
0,3.0,121.0,1,0,1.83,3.0,3
1,2.0,50.0,0,1,1.6,1.0,1
1,3.0,58.0,1,1,1.62,2.0,1
1,3.0,80.0,0,0,1.68,3.0,6
0,3.0,120.0,0,0,1.75,3.0,3
0,3.0,91.0,1,1,1.9,3.0,5
1,3.0,66.0,1,1,1.63,3.0,1
1,3.0,50.0,0,0,1.59,3.0,1
1,3.0,77.0,1,0,1.68,2.0,6
1,2.0,49.0,0,1,1.59,2.0,1
1,2.0,70.0,0,0,1.69,2.0,1
1,1.0,59.0,0,1,1.66,2.0,1
1,3.0,53.0,0,1,1.64,1.0,1
1,3.0,53.0,0,1,1.62,3.0,1
1,3.0,64.0,0,1,1.7,3.0,1
1,2.0,65.0,0,1,1.63,3.0,1
0,3.0,66.0,0,1,1.6,2.0,5
1,1.0,64.0,0,1,1.63,2.0,1
0,2.0,99.0,1,1,1.85,3.0,6
1,2.0,49.0,1,0,1.54,2.0,1
1,3.0,49.0,1,0,1.64,2.0,0
1,3.0,60.0,1,1,1.57,3.0,1
1,3.0,52.0,0,1,1.62,1.0,1
0,3.0,72.0,1,1,1.72,3.0,1
0,3.0,78.0,1,1,1.76,2.0,5
1,3.0,75.0,0,1,1.65,2.0,6
0,2.0,78.0,3,0,1.67,3.0,6
0,2.0,90.0,3,0,1.79,2.0,6
1,2.0,47.0,1,1,1.59,2.0,1
1,3.0,56.0,0,0,1.64,2.0,1
0,1.0,81.0,0,0,1.78,2.0,5
0,2.0,85.0,1,0,1.75,3.0,6
0,2.0,115.0,0,0,1.85,3.0,2
0,3.0,80.0,0,0,1.7,1.0,6
1,1.0,91.0,1,1,1.67,1.0,2
0,2.0,75.0,0,1,1.72,1.0,5
1,2.0,73.0,1,0,1.7,2.0,5
0,2.0,70.0,1,1,1.74,2.0,1
0,2.0,53.0,0,1,1.74,1.0,0
0,3.0,67.0,1,1,1.87,3.0,1
0,1.0,50.0,1,1,1.7,1.0,0
1,3.0,50.0,1,1,1.65,2.0,0
0,3.0,78.0,3,1,1.7,2.0,6
0,2.0,60.0,0,0,1.67,2.0,1
0,2.0,66.0,1,1,1.72,2.0,1
0,2.0,107.0,1,1,1.82,3.0,2
1,2.0,50.0,1,1,1.5,1.0,1
0,2.0,60.0,0,1,1.7,2.0,1
0,2.0,71.0,1,1,1.71,2.0,1
1,2.0,61.0,1,0,1.61,1.0,1
1,3.0,50.0,1,1,1.5,2.0,1
0,2.0,50.0,0,1,1.67,3.0,0
0,2.0,67.0,1,1,1.82,3.0,1
1,3.0,57.0,1,1,1.57,2.0,1
0,3.0,52.0,1,0,1.79,2.0,0
0,3.0,62.0,1,1,1.75,2.0,1
0,2.0,55.0,1,1,1.7,2.0,1
1,2.0,55.0,0,1,1.62,1.0,1
0,2.0,60.0,1,0,1.69,3.0,1
0,1.0,70.0,1,1,1.77,2.0,1
0,2.0,105.0,1,1,1.79,1.0,2
1,2.0,61.0,1,1,1.6,1.0,1
1,2.0,58.0,0,1,1.6,3.0,1
1,3.0,51.0,0,1,1.56,1.0,1
0,2.0,79.0,1,0,1.88,3.0,1
0,2.0,71.0,1,1,1.82,2.0,1
0,2.0,58.0,0,1,1.8,2.0,0
0,2.0,65.0,0,1,1.7,1.0,1
0,2.0,75.0,0,0,1.82,2.0,1
0,2.0,110.0,1,1,1.86,2.0,2
1,2.0,58.0,0,0,1.66,1.0,1
1,3.0,53.0,1,1,1.53,2.0,1
0,2.0,80.0,0,0,1.74,2.0,5
0,2.0,80.0,3,1,1.8,1.0,1
0,3.0,75.0,1,1,1.7,3.0,5
0,2.0,70.0,1,1,1.7,1.0,1
0,2.0,55.0,1,1,1.72,2.0,1
0,3.0,45.0,1,1,1.84,3.0,0
1,2.0,49.0,1,1,1.57,2.0,1
0,2.0,85.0,1,0,1.8,3.0,5
0,2.0,120.0,1,1,1.75,2.0,3
1,1.0,60.0,1,1,1.56,2.0,1
1,2.0,48.0,1,1,1.59,1.0,1
0,3.0,75.0,1,1,1.8,3.0,1
1,2.0,58.0,0,0,1.66,1.0,1
0,2.0,57.0,0,1,1.79,2.0,0
0,2.0,62.0,0,1,1.72,2.0,1
1,3.0,57.0,0,1,1.6,1.0,1
0,1.0,56.0,1,1,1.66,2.0,1
1,3.0,63.0,0,1,1.65,1.0,1
0,2.0,72.0,1,1,1.7,2.0,1
0,3.0,75.0,0,0,1.75,1.0,1
0,3.0,70.0,0,1,1.75,2.0,1
1,2.0,45.0,1,1,1.56,1.0,1
1,2.0,63.0,1,1,1.55,1.0,5
0,3.0,67.0,0,1,1.67,2.0,1
0,3.0,75.0,0,0,1.75,1.0,1
1,3.0,56.0,1,0,1.75,2.0,0
0,2.0,72.0,1,1,1.8,2.0,1
1,2.0,71.0,1,1,1.65,1.0,5
1,2.0,58.0,1,1,1.55,1.0,1
0,3.0,55.3,1,1,1.7,2.0,1
0,3.0,76.0,1,0,1.72,1.0,5
0,3.0,74.0,1,0,1.74,3.0,1
1,3.0,82.0,1,1,1.65,1.0,2
1,3.0,50.0,1,1,1.8,1.0,0
0,2.0,56.0,0,1,1.74,2.0,1
0,2.0,75.0,0,1,1.85,2.0,1
1,3.0,56.0,0,0,1.7,3.0,1
1,2.0,53.0,3,1,1.45,2.0,5
0,1.0,50.0,1,1,1.7,1.0,0
0,2.0,65.0,0,1,1.7,2.0,1
0,3.0,64.4,0,1,1.78,2.0,1
1,3.0,65.0,1,1,1.6,2.0,5
1,2.0,42.0,3,0,1.53,1.0,0
0,3.0,72.0,0,1,1.8,2.0,1
0,2.0,50.0,1,0,1.6,1.0,1
0,3.0,105.0,1,1,1.74,2.0,2
0,3.0,66.0,0,0,1.65,2.0,1
0,3.0,173.0,1,1,1.87,2.0,4
0,3.0,55.0,1,1,1.7,2.0,1
1,3.0,47.0,0,0,1.54,1.0,1
0,2.0,97.0,1,1,1.8,3.0,6
0,2.0,80.0,0,1,1.82,2.0,1
0,2.0,125.0,1,1,1.98,3.0,2
0,2.0,70.0,1,0,1.75,1.0,1
1,3.0,60.0,0,0,1.65,2.0,1
1,1.0,53.0,1,1,1.6,1.0,1
1,1.0,51.0,1,1,1.6,2.0,1
1,2.0,59.0,0,1,1.6,2.0,1
1,3.0,62.0,1,1,1.55,1.0,5
0,3.0,60.0,0,0,1.9,2.0,0
1,1.0,56.0,0,1,1.7,1.0,1
0,2.0,110.0,3,0,1.75,1.0,3
1,2.0,48.0,1,0,1.56,2.0,1
0,2.0,75.0,1,1,1.87,1.0,1
1,2.0,80.0,0,1,1.56,2.0,2
1,3.0,73.0,1,0,1.65,2.0,5
0,2.0,80.0,1,1,1.8,2.0,1
0,2.0,86.0,1,1,1.84,2.0,5
0,3.0,68.0,1,1,1.7,2.0,1
0,2.0,83.0,1,1,1.72,2.0,6
1,2.0,63.0,1,1,1.58,2.0,5
1,2.0,83.0,0,1,1.68,2.0,6
0,3.0,74.0,1,0,1.58,2.0,6
0,2.0,60.0,0,1,1.8,1.0,1
0,3.0,69.0,1,1,1.62,2.0,5
1,3.0,58.0,0,1,1.62,1.0,1
1,2.0,56.0,1,1,1.54,2.0,1
0,2.0,70.0,1,1,1.76,2.0,1
0,2.0,92.0,1,1,1.8,3.0,6
1,3.0,60.0,1,0,1.58,1.0,1
0,2.0,68.0,1,0,1.76,2.0,1
0,3.0,70.0,1,1,1.73,1.0,1
0,3.0,70.0,1,1,1.7,2.0,1
0,3.0,83.0,0,1,1.7,3.0,6
0,3.0,75.0,1,1,1.8,1.0,1
1,2.0,56.0,1,0,1.6,1.0,1
0,2.0,98.0,1,0,1.7,2.0,2
1,3.0,60.0,0,1,1.6,1.0,1
1,2.0,45.0,0,1,1.55,2.0,1
1,1.0,53.0,0,0,1.59,1.0,1
1,2.0,75.0,1,1,1.5,1.0,2
0,2.0,108.0,0,0,1.78,3.0,2
1,1.0,65.0,0,1,1.61,2.0,5
0,2.0,50.0,0,1,1.71,3.0,0
1,2.0,50.0,1,0,1.7,2.0,0
0,3.0,69.5,0,0,1.76,3.0,1
0,1.0,78.0,1,1,1.7,2.0,6
1,2.0,55.0,0,1,1.53,1.0,1
1,1.0,39.0,1,1,1.54,2.0,0
1,3.0,59.0,3,0,1.55,1.0,1
0,2.0,60.0,0,1,1.66,3.0,1
0,3.0,125.0,1,1,1.85,1.0,3
0,3.0,60.0,1,0,1.65,1.0,1
0,2.0,70.0,0,0,1.65,2.0,5
0,2.0,82.0,1,1,1.83,2.0,1
0,3.0,99.0,1,1,1.83,2.0,6
1,3.0,112.0,0,0,1.66,3.0,4
0,2.0,73.0,1,1,1.78,2.0,1
0,3.0,86.0,0,0,1.74,2.0,6
0,2.0,66.5,1,0,1.76,2.0,1
1,3.0,59.0,1,1,1.51,1.0,5
0,3.0,79.0,1,0,1.81,2.0,1
1,3.0,55.0,1,1,1.55,3.0,1
0,2.0,66.0,0,0,1.83,2.0,1
1,3.0,65.0,1,0,1.6,2.0,5
0,2.0,85.0,1,1,1.85,2.0,1
0,2.0,85.0,1,0,1.75,2.0,6
0,2.0,113.0,3,1,1.83,2.0,2
0,3.0,72.0,0,1,1.71,3.0,1
0,3.0,88.0,0,1,1.84,1.0,5
0,3.0,87.0,3,1,1.77,2.0,6
0,3.0,90.0,1,1,1.7,2.0,2
0,1.0,89.0,1,1,1.62,1.0,2
0,3.0,60.0,1,1,1.85,2.0,0
0,3.0,60.0,1,1,1.84,2.0,0
0,2.0,58.0,1,1,1.75,2.0,1
0,2.0,93.0,1,1,1.85,1.0,6
0,2.0,76.0,1,0,1.74,1.0,5
1,2.0,53.8,1,1,1.61,2.0,1
0,2.0,70.0,0,0,1.75,3.0,1
1,3.0,60.0,1,1,1.67,2.0,1
0,3.0,69.0,1,1,1.7,1.0,1
0,2.0,80.0,1,1,1.9,1.0,1
0,2.0,85.0,1,1,1.65,1.0,2
1,2.0,55.0,1,1,1.6,2.0,1
0,3.0,70.0,0,1,1.8,1.0,1
1,2.0,59.0,1,1,1.64,1.0,1
0,2.0,87.0,3,1,1.89,2.0,1
1,2.0,80.0,0,1,1.76,3.0,5
1,2.0,55.0,3,1,1.56,1.0,1
1,2.0,56.0,1,1,1.6,2.0,1
1,3.0,64.0,1,1,1.67,2.0,1
1,2.0,60.0,1,1,1.6,2.0,1
1,2.0,56.0,0,1,1.55,1.0,1
1,3.0,50.0,0,1,1.55,1.0,1
0,2.0,65.0,1,1,1.72,2.0,1
0,2.0,53.0,1,1,1.72,2.0,0
0,2.0,60.0,1,1,1.7,2.0,1
1,2.0,45.0,1,1,1.51,1.0,1
0,3.0,82.0,1,1,1.83,2.0,1
0,2.0,87.0,1,1,1.8,2.0,5
1,3.0,100.5,1,1,1.6,1.0,3
1,1.0,63.0,1,1,1.63,2.0,1
0,3.0,71.0,1,1,1.71,2.0,1
0,2.0,65.0,0,0,1.7,2.0,1
0,3.0,69.0,1,0,1.75,2.0,1
1,3.0,50.0,1,1,1.62,1.0,1
1,3.0,68.0,0,1,1.68,1.0,1
0,2.0,66.0,1,1,1.85,1.0,1
1,3.0,60.0,0,1,1.59,2.0,1
1,2.0,45.0,1,1,1.5,1.0,1
0,2.0,60.0,1,1,1.69,1.0,1
0,2.0,79.0,3,1,1.76,3.0,5
1,2.0,55.0,0,1,1.62,1.0,1
0,2.0,100.0,0,1,1.71,2.0,2
0,2.0,88.0,1,1,1.72,2.0,6
0,2.0,68.0,1,0,1.8,1.0,1
0,3.0,86.0,1,0,1.93,2.0,1
1,2.0,51.0,1,1,1.6,1.0,1
0,3.0,75.0,0,1,1.74,1.0,1
0,3.0,75.0,0,1,1.74,1.0,1
1,3.0,45.0,1,1,1.62,1.0,0
1,3.0,42.0,0,1,1.54,2.0,0
1,2.0,51.5,1,1,1.56,2.0,1
1,2.0,83.0,0,1,1.6,2.0,2
1,3.0,71.0,0,0,1.54,2.0,6
1,1.0,51.0,1,1,1.63,1.0,1
0,2.0,64.0,0,1,1.78,1.0,1
1,2.0,68.0,0,0,1.62,1.0,5
1,3.0,75.0,0,1,1.71,2.0,5
1,3.0,56.0,0,1,1.64,1.0,1
0,2.0,65.0,1,1,1.69,1.0,1
1,1.0,50.0,1,1,1.58,2.0,1
1,2.0,50.0,1,1,1.57,1.0,1
0,3.0,64.0,1,1,1.74,1.0,1
1,2.0,53.5,1,1,1.58,2.0,1
1,2.0,58.0,0,1,1.5,1.0,5
1,2.0,80.0,0,1,1.65,1.0,6
0,1.0,73.0,1,1,1.8,2.0,1
0,2.0,75.0,3,1,1.75,2.0,1
0,2.0,104.0,0,0,1.84,3.0,2
0,3.0,84.0,1,1,1.88,3.0,1
1,2.0,50.0,0,1,1.56,1.0,1
0,3.0,84.0,1,1,1.75,2.0,6
0,2.0,68.0,1,1,1.66,1.0,1
0,3.0,86.0,0,1,1.7,1.0,6
0,2.0,65.0,1,1,1.8,1.0,1
1,3.0,66.0,1,1,1.67,2.0,1
0,3.0,60.0,0,1,1.8,1.0,1
0,2.0,53.0,1,1,1.72,2.0,0
0,2.0,45.0,1,0,1.56,2.0,1
1,3.0,104.572712,1,1,1.686306,1.152736,4
1,3.0,126.67378,1,1,1.683124,1.115967,4
1,3.0,110.79263,1,1,1.622397,2.704507,4
1,3.0,137.796884,1,1,1.755643,2.184707,4
1,3.0,165.057269,1,1,1.843419,2.406541,4
1,3.0,133.03441,1,1,1.7456,2.984323,4
1,3.0,111.485516,1,1,1.630927,2.444125,4
1,3.0,104.826776,1,1,1.629191,2.654702,4
1,3.0,133.963349,1,1,1.770612,2.825629,4
0,2.0,54.927529,1,1,1.743702,2.847264,0
0,2.0,55.695036,1,1,1.771915,2.884033,0
0,2.450218,55.879263,1,1,1.75376,2.147746,0
1,3.0,51.154201,0,1,1.675446,2.815293,0
1,3.0,49.869791,0,1,1.666203,2.593459,0
1,2.880161,51.965521,0,1,1.711467,1.031354,0
1,3.0,44.845655,0,0,1.598019,2.444125,0
1,3.0,42.848033,0,0,1.59611,2.654702,0
1,3.0,43.919835,0,0,1.57206,2.651258,0
1,2.00876,43.087508,0,0,1.586952,1.792022,0
1,2.596579,44.581159,0,0,1.59559,1.490613,0
1,2.591439,45.0,0,0,1.6,2.074048,0
1,3.0,45.0,0,1,1.688025,3.0,0
1,3.0,42.339767,0,1,1.556211,2.13755,0
1,3.0,42.096062,0,1,1.564199,2.456581,0
1,2.392665,41.324558,1,1,1.56948,1.0,0
1,3.0,42.0,1,1,1.52,1.0,0
1,3.0,44.641796,1,1,1.550648,1.0,0
1,3.0,42.0,1,1,1.520997,1.527036,0
1,3.0,42.0,1,1,1.528011,1.322669,0
1,3.0,42.0,1,1,1.52,1.0,0
1,3.0,50.890363,1,0,1.733263,1.656082,0
1,3.0,50.833029,1,0,1.722527,1.569082,0
1,1.123939,50.0,1,0,1.734832,1.0,0
0,3.0,64.106108,1,1,1.882779,2.843777,0
0,3.0,63.611109,1,1,1.854592,2.650989,0
0,3.0,58.854416,1,1,1.835643,2.027984,0
0,3.0,52.0,0,1,1.755507,2.0,0
0,3.0,51.598593,0,1,1.71266,1.253803,0
0,3.0,52.0,0,1,1.694265,2.0,0
1,2.0,41.452385,1,1,1.586895,1.0,0
1,2.027574,41.890204,1,1,1.579561,1.636326,0
1,2.658112,41.397378,1,1,1.564568,1.298165,0
1,2.88626,49.742931,1,0,1.670635,1.632004,0
1,2.714447,49.660995,1,0,1.688426,2.0,0
1,2.750715,49.039794,1,0,1.66084,2.0,0
1,2.0,50.287967,0,1,1.710182,2.099863,0
1,2.0,53.699561,0,1,1.755978,1.86393,0
1,2.0,51.442293,0,1,1.728834,1.229915,0
1,1.4925,49.838965,1,1,1.662017,1.049134,0
1,1.0,50.0,1,1,1.7,1.0,0
1,2.205439,49.932199,1,1,1.661403,1.530531,0
1,2.059138,49.516027,0,1,1.610863,2.0,0
1,3.0,46.655622,0,1,1.640688,2.721769,0
1,3.0,49.839685,0,1,1.64603,2.7305,0
0,2.0,51.588874,1,1,1.710564,2.371015,0
0,2.310423,50.0,1,1,1.752755,1.787843,0
0,2.0,52.629374,1,1,1.691007,2.673835,0
0,2.823179,51.457226,1,1,1.753349,1.773236,0
0,2.052932,50.869704,1,1,1.781543,2.0,0
0,2.596364,52.331172,1,1,1.755823,2.0,0
0,2.767731,58.943347,0,1,1.836669,2.0,0
0,2.0,57.790381,0,1,1.768493,2.622638,0
0,2.0,57.145917,0,1,1.777108,2.426465,0
1,2.815157,43.365005,1,1,1.640824,2.911187,0
1,2.737762,44.411801,1,1,1.584951,2.310921,0
1,3.0,47.124717,1,1,1.818268,2.148146,0
0,2.568063,59.682591,0,1,1.793926,2.0,0
0,2.524428,58.968994,0,1,1.809251,2.0,0
0,2.0,55.700497,0,1,1.767335,2.157395,0
1,3.0,54.98774,0,1,1.699568,2.0,0
1,2.971574,55.01045,0,1,1.759358,2.894678,0
1,3.0,54.166453,0,1,1.740295,2.025279,0
1,3.0,49.649613,1,1,1.739354,1.692112,0
1,3.0,49.603807,1,1,1.647811,1.438398,0
1,3.0,49.597765,1,1,1.768435,1.191401,0
1,1.0816,50.0,1,1,1.7,1.016968,0
1,1.270448,49.676046,1,1,1.699464,1.876915,0
1,1.344854,50.0,1,1,1.74379,1.0,0
1,2.959658,42.367615,1,0,1.590317,1.0,0
1,2.725282,42.0,1,0,1.527133,1.0,0
1,2.844607,42.0,1,0,1.530875,1.69551,0
0,2.44004,59.409018,0,1,1.848294,2.0,0
0,2.432302,59.295172,0,1,1.824414,2.0,0
0,2.592247,59.258372,0,1,1.856633,2.036764,0
1,2.449267,50.0,0,1,1.715597,1.266018,0
1,2.929889,49.945233,0,1,1.675054,2.792074,0
1,2.0,51.073918,0,1,1.717601,1.426874,0
1,2.015258,50.0,1,1,1.710756,1.315608,0
1,1.031149,50.0,1,1,1.7,1.963628,0
1,1.592183,50.0,1,1,1.7,1.086391,0
1,1.21498,39.850137,1,1,1.573816,1.179942,0
1,1.522001,39.371523,1,1,1.530884,1.98126,0
1,2.703436,40.343463,1,1,1.529724,1.439962,0
0,2.362918,56.307019,0,1,1.767563,2.358172,0
0,3.0,60.0,0,1,1.883364,2.0,0
0,2.14084,58.621349,0,1,1.824655,2.931438,0
0,3.0,60.0,0,1,1.840138,2.0,0
0,2.5596,58.325122,0,1,1.819557,2.0,0
0,2.336044,59.612717,0,1,1.798645,2.0,0
0,2.0,50.92538,1,1,1.7108,2.0,0
0,2.0,51.121749,1,1,1.70653,2.0,0
0,1.813234,51.149283,1,1,1.716691,1.274815,0
1,2.724285,44.188767,1,0,1.555431,1.0,0
1,3.0,45.0,1,0,1.603923,1.28246,0
1,3.0,45.0,1,0,1.602082,2.875583,0
1,3.0,42.0,1,1,1.53777,1.387531,0
1,2.71897,42.0,1,1,1.538398,1.164644,0
1,3.0,42.0,1,1,1.520862,1.848703,0
0,1.133844,51.7325,1,1,1.717826,1.325326,0
0,2.0,54.121925,1,1,1.753389,2.278578,0
0,1.757466,50.157707,1,1,1.70165,1.153559,0
0,2.0,54.997374,0,1,1.75336,2.976672,0
1,2.979383,49.980968,0,1,1.672007,2.975887,0
1,3.0,44.050251,0,0,1.593847,2.702783,0
1,2.204914,44.376637,0,0,1.584785,2.120292,0
1,3.0,45.0,1,0,1.600264,2.949419,0
1,2.927218,41.557468,1,1,1.549311,1.0,0
1,2.88853,41.96525,1,1,1.534385,1.0,0
1,2.890535,49.815599,0,0,1.725548,1.109115,0
0,3.0,63.199726,1,1,1.868931,2.825629,0
1,3.0,51.256059,0,1,1.686936,1.910378,0
1,2.0,40.202773,1,1,1.589829,1.0,0
1,2.530066,49.026214,1,0,1.653209,1.965237,0
1,2.241606,53.65727,0,1,1.740108,1.846626,0
1,1.003566,50.0,1,1,1.7,1.014634,0
1,2.652779,50.0,0,1,1.689141,1.60114,0
0,2.0,50.0,1,1,1.691206,2.975528,0
0,2.897899,51.552595,1,1,1.788459,1.835545,0
0,2.483979,58.83071,0,1,1.811238,2.0,0
1,2.945967,43.534531,1,1,1.830068,2.953192,0
0,2.0,56.029418,0,1,1.782756,2.28525,0
1,2.478891,55.967655,0,1,1.751691,2.004126,0
1,2.784464,50.0,1,1,1.78656,1.0,0
1,1.005578,50.0,1,1,1.71367,1.0,0
1,2.938031,42.006282,1,0,1.540375,1.333807,0
0,2.842102,59.895052,0,1,1.896734,2.0,0
1,2.0,50.079991,0,1,1.710129,2.685842,0
1,2.0,50.631889,1,1,1.704193,2.0,0
1,1.889199,39.695295,1,1,1.556611,2.013605,0
0,3.0,60.0,0,1,1.845399,2.0,0
0,2.943749,59.990861,0,1,1.834637,2.0,0
0,2.33998,52.514302,1,1,1.721854,2.0,0
1,3.0,44.661461,1,0,1.605521,1.0,0
1,3.0,42.0,1,1,1.530266,1.954889,0
0,1.950742,52.058335,1,1,1.71889,1.751723,0
0,2.277436,54.98234,0,1,1.756338,2.891713,0
0,2.0,55.695253,0,1,1.770324,2.369627,0
1,2.371338,56.265959,0,1,1.767479,2.263466,0
1,2.984425,51.437985,0,1,1.704223,2.044694,0
1,2.977018,49.803921,0,1,1.667852,2.482933,0
1,2.663421,51.881263,0,1,1.722461,1.04111,0
1,3.0,44.236067,0,0,1.588046,2.550307,0
1,2.753752,42.993937,0,0,1.598612,2.346647,0
1,3.0,44.00945,0,0,1.592379,2.566629,0
1,2.318355,42.3601,0,0,1.555778,1.220365,0
1,2.594653,44.594588,0,0,1.596466,1.916812,0
1,2.886157,44.918255,0,0,1.598393,2.306821,0
1,3.0,45.0,1,1,1.633316,2.924594,0
1,3.0,42.12617,0,1,1.559567,2.241607,0
1,3.0,42.069992,0,1,1.546551,2.318736,0
1,2.967853,41.706283,1,1,1.566501,1.131185,0
1,3.0,42.0,1,1,1.52,1.0,0
1,3.0,44.810751,1,0,1.599486,1.145761,0
1,2.619835,41.952805,1,1,1.559186,1.198883,0
1,3.0,42.0,1,1,1.523426,1.185062,0
1,3.0,42.0,1,1,1.52,1.0,0
1,3.0,51.107925,0,1,1.689441,1.774576,0
1,3.0,50.479039,0,1,1.737453,1.326694,0
1,1.053534,50.0,1,1,1.732096,1.0,0
0,3.0,61.411141,1,1,1.869098,2.233274,0
0,3.0,61.264785,1,1,1.851123,2.548527,0
0,2.530233,58.585146,0,1,1.787264,2.387945,0
0,3.0,52.0,1,1,1.787787,2.0,0
1,2.8813,51.710723,0,1,1.712515,1.24818,0
0,2.824559,51.692272,1,1,1.698914,2.0,0
1,2.762325,41.669346,1,1,1.533609,1.30491,0
1,2.070964,41.934368,1,1,1.567981,1.676975,0
1,2.68601,41.535047,1,1,1.544263,1.310074,0
1,2.794197,49.804245,1,1,1.670552,1.543021,0
1,2.720701,49.105025,1,0,1.676346,2.0,0
1,2.880792,49.125955,1,0,1.667404,1.960131,0
1,2.674431,50.173425,0,1,1.70011,2.453384,0
0,2.0,54.567343,0,1,1.75633,2.654078,0
1,2.55996,51.607091,0,1,1.703584,1.990788,0
1,1.212908,49.895716,1,1,1.690727,1.029703,0
1,1.140615,50.0,1,1,1.713564,1.0,0
1,2.562409,49.713944,1,1,1.67231,1.67062,0
1,2.004146,49.558304,0,1,1.660446,2.020764,0
1,2.690754,46.062954,0,1,1.630379,2.212296,0
1,3.0,50.424661,0,1,1.655413,1.995177,0
0,2.051283,51.216463,1,1,1.732862,2.35752,0
1,2.19005,50.0,1,1,1.74402,1.356405,0
0,2.21498,52.09432,1,1,1.757958,2.121251,0
0,2.91548,51.524444,1,1,1.786758,1.777486,0
0,2.708965,51.132809,1,1,1.767058,1.873004,0
0,2.853513,52.08657,1,1,1.699437,2.0,0
0,2.580872,58.913579,0,1,1.82525,2.0,0
0,2.508835,58.19515,0,1,1.793315,2.076933,0
0,2.0,57.275946,0,1,1.776989,2.575535,0
1,2.896562,42.656563,0,1,1.609495,2.839558,0
1,2.911877,44.762023,1,1,1.777929,2.196405,0
1,2.910733,45.248627,1,1,1.710948,2.204263,0
0,2.966126,59.881316,0,1,1.854162,2.0,0
0,2.613249,59.605028,0,1,1.821514,2.0,0
0,2.0,55.511075,0,1,1.762073,2.542415,0
1,3.0,54.835576,0,1,1.732307,2.00357,0
0,2.627031,55.003417,0,1,1.759933,2.993448,0
1,3.0,54.877111,0,1,1.741377,2.009796,0
1,2.919751,49.650897,1,1,1.731195,1.949308,0
1,2.494451,49.928447,1,1,1.74823,1.491268,0
1,1.69427,49.699672,1,1,1.756865,1.095417,0
1,1.601236,50.088468,1,1,1.701378,1.055019,0
1,1.204855,49.98297,1,1,1.699956,1.134658,0
1,1.052699,50.0,1,1,1.723328,1.0,0
1,2.910345,42.541794,1,0,1.585886,1.0,0
1,2.866383,42.0,1,1,1.524926,1.0,0
1,2.913486,42.0,1,1,1.52337,1.596212,0
0,2.432886,59.313525,0,1,1.844749,2.0,0
0,2.883745,59.619485,0,1,1.853325,2.0,0
0,2.707666,59.20945,0,1,1.854706,2.026547,0
1,2.919584,50.0,0,1,1.72064,1.147121,0
1,2.969205,50.165754,0,1,1.704167,2.765876,0
1,2.486189,51.491957,0,1,1.71746,1.064378,0
1,1.642241,50.0,1,1,1.708406,1.099231,0
1,1.567101,50.279053,1,1,1.763465,1.994139,0
1,1.036414,50.0,1,1,1.7,1.745959,0
1,1.649974,41.220175,1,1,1.574017,1.549974,0
1,1.118436,39.101805,1,1,1.537739,1.997744,0
1,2.673638,41.268597,1,1,1.534223,1.249074,0
0,2.120185,55.3707,0,1,1.76033,2.582165,0
0,3.0,60.0,0,1,1.841879,2.0,0
0,2.34222,58.673963,0,1,1.856406,2.311791,0
0,2.86099,59.933015,0,1,1.829142,2.0,0
0,2.559571,58.443049,0,1,1.822084,2.0,0
0,2.424977,59.243506,0,1,1.80671,2.0,0
0,1.786841,50.664459,1,1,1.707259,1.546856,0
0,1.303878,51.314659,1,1,1.708107,1.755497,0
0,1.889883,50.951444,1,1,1.739344,1.959531,0
1,2.984004,44.316254,1,0,1.573987,1.015249,0
1,3.0,44.753943,1,0,1.58092,1.246822,0
1,3.0,45.0,1,0,1.603435,2.487919,0
1,3.0,42.0,1,1,1.53535,1.49681,0
1,2.749268,42.0,1,1,1.53161,1.322048,0
1,3.0,42.0,1,1,1.525691,1.764055,0
0,1.202075,52.289828,1,1,1.719827,1.927976,0
0,2.0,53.783977,1,1,1.722547,2.072194,0
0,1.871213,50.248677,1,1,1.738702,1.283738,0
0,2.341133,86.963765,0,1,1.816298,2.0,5
0,2.0,70.0,1,1,1.638085,2.115967,5
0,1.450218,85.637789,0,1,1.813678,2.147746,5
0,2.204914,75.5771,1,1,1.697228,1.815293,5
0,1.206276,68.869791,1,1,1.617469,2.406541,5
0,2.0,88.965521,1,1,1.855543,1.015677,5
1,2.81646,82.919584,1,1,1.721854,2.722063,5
0,2.0,86.413388,1,1,1.855353,1.345298,5
0,2.0,75.0,1,1,1.696336,1.825629,5
1,2.0,80.0,3,1,1.751631,2.207978,5
0,2.0,75.0,1,1,1.698346,2.0,5
1,3.0,74.803157,1,0,1.642971,1.074048,5
1,1.758394,68.126955,1,1,1.613668,2.174248,5
0,2.0,68.226511,1,1,1.605404,3.0,5
1,2.0,62.903938,1,1,1.529834,1.456581,5
1,2.392665,62.337721,1,1,1.55,2.951056,5
1,2.577427,78.175706,1,1,1.731261,2.0,5
0,2.0,70.0,1,1,1.629194,2.803311,5
0,2.0,70.0,1,1,1.62,3.0,5
0,2.0,70.0,1,1,1.62,3.0,5
1,2.052152,68.803694,1,1,1.633491,1.972074,5
0,3.0,79.109637,1,1,1.752391,2.0,5
0,2.954996,85.833029,1,1,1.818226,2.430918,5
0,3.0,85.0,1,1,1.809101,2.229171,5
0,2.0,75.0,1,1,1.709484,2.843777,5
0,2.0,67.722222,1,1,1.607082,3.0,5
1,2.0,75.951472,1,1,1.718939,2.0,5
0,2.555401,89.652557,1,1,1.831357,3.0,5
1,2.108711,66.401407,1,1,1.6,2.746197,5
1,2.915279,77.929204,1,1,1.754813,1.530046,5
0,1.570089,80.273807,0,1,1.778447,2.0,5
0,2.0,75.0,1,1,1.709561,1.636326,5
1,2.0,71.602622,1,1,1.674568,1.701835,5
0,1.94313,82.228794,1,1,1.755317,2.367996,5
0,2.714447,75.0,1,1,1.708071,3.0,5
0,2.0,85.079589,1,1,1.806947,2.292073,5
1,2.903545,64.808022,1,1,1.599697,1.549931,5
1,2.0,72.748903,1,1,1.721903,1.0,5
0,3.0,75.480764,1,1,1.712556,1.229915,5
1,1.75375,54.93242,1,1,1.551288,2.0,5
1,2.543563,65.0,1,1,1.603842,2.0,5
1,2.39728,62.339003,1,1,1.588597,2.061062,5
1,3.0,73.193589,1,0,1.673482,1.591425,5
0,2.0,88.675503,1,1,1.858624,1.278231,5
1,2.37464,63.320629,1,1,1.593894,2.0,5
0,2.278644,69.529625,1,1,1.62,2.628985,5
1,1.620845,67.183128,0,1,1.616366,2.0,5
1,2.0,70.0,0,1,1.637396,2.326165,5
1,2.823179,60.628321,1,1,1.550723,1.226764,5
1,3.0,65.0,1,1,1.6,2.0,5
0,3.0,87.668828,0,1,1.820471,1.174611,5
1,2.0,73.641633,1,1,1.657496,1.0,5
0,2.0,80.0,0,1,1.752123,2.377362,5
0,2.061952,88.138777,1,1,1.857231,2.426465,5
1,2.0,79.544998,3,1,1.76,3.0,5
1,2.0,68.392133,0,1,1.644682,1.344539,5
1,2.838969,76.699774,3,1,1.737165,2.425927,5
1,2.568063,64.259379,1,1,1.507853,1.817983,5
0,3.0,87.286783,0,1,1.81006,1.205633,5
0,2.652958,86.981202,0,1,1.80179,2.0,5
0,2.0,70.0,1,1,1.625891,2.00876,5
0,2.0,70.0,1,1,1.64037,2.069184,5
0,1.27785,83.26312,0,1,1.791047,2.495944,5
0,2.0,75.0,1,1,1.679306,1.957871,5
1,1.729824,68.653347,1,1,1.615145,2.043703,5
1,1.452524,68.77185,1,1,1.616467,2.109858,5
0,2.0,86.522799,1,1,1.816783,2.177386,5
0,2.0,86.748295,1,1,1.812472,2.168651,5
1,3.0,75.62931,1,1,1.768231,2.112032,5
0,2.0,89.251639,1,1,1.870931,1.081333,5
0,2.0,89.558854,1,1,1.863685,1.005727,5
0,2.0,75.0,1,1,1.670227,2.0,5
0,2.0,75.948164,1,1,1.717288,2.0,5
0,2.0,79.828725,3,1,1.750359,2.045004,5
0,2.303367,75.306702,1,1,1.707557,1.277636,5
1,2.948425,74.812707,1,1,1.672446,1.0,5
1,2.291846,74.959747,1,1,1.675979,1.0,5
1,1.906194,67.939653,1,1,1.611239,2.597746,5
1,1.834155,68.06609,1,1,1.611356,2.632871,5
0,2.0,70.0,1,1,1.62,3.0,5
1,2.048582,63.183846,1,1,1.508908,2.0,5
1,2.948248,62.871794,1,1,1.561109,2.429911,5
1,2.869436,63.011645,1,1,1.554728,2.972426,5
1,2.293705,78.55444,1,1,1.730182,2.0,5
1,2.510583,78.88036,1,1,1.743841,2.0,5
0,2.0,70.0,1,1,1.62,3.0,5
0,2.0,70.0,1,1,1.62,3.0,5
0,2.0,70.0,1,1,1.62,3.0,5
0,2.0,70.0,1,1,1.62,3.0,5
0,2.0,70.0,1,1,1.62,3.0,5
1,2.366949,69.906708,1,1,1.642506,1.926577,5
1,2.615788,71.927379,1,1,1.69308,1.771781,5
0,3.0,79.414603,1,1,1.752115,2.0,5
0,2.217267,80.0,1,1,1.745033,2.0,5
0,3.0,85.0,1,1,1.820643,2.759246,5
0,2.801514,85.073801,1,1,1.80733,2.734782,5
0,2.188722,85.0,1,1,1.8,2.721356,5
0,2.971351,85.255631,1,1,1.814255,2.133767,5
0,2.086093,75.057177,1,1,1.700181,2.081121,5
1,1.901611,68.016472,1,1,1.604697,2.926995,5
1,1.977298,68.107866,1,1,1.611,2.217957,5
1,2.446872,77.956921,1,1,1.754497,1.81031,5
1,2.839048,77.965532,1,1,1.752944,1.639202,5
0,2.21232,87.105828,1,1,1.859927,2.374044,5
0,2.427689,90.52446,1,1,1.896073,2.876096,5
0,2.357496,66.621646,1,1,1.605314,2.184843,5
1,3.0,78.370039,1,1,1.758628,2.0,5
1,3.0,78.300084,1,1,1.755427,2.0,5
1,1.078529,80.091886,0,1,1.779882,2.568063,5
0,2.0,75.0,1,1,1.712061,1.333707,5
0,2.0,75.0,1,1,1.676014,1.164062,5
1,2.0,74.244004,1,1,1.7,2.0,5
0,1.064162,82.045045,1,1,1.765874,2.028426,5
0,1.993101,80.018571,1,1,1.74595,2.364498,5
0,2.620963,75.0,1,1,1.690196,2.824559,5
0,2.95118,85.0,1,1,1.81748,3.0,5
1,2.021446,65.363941,1,1,1.580964,1.077917,5
1,2.0,73.575981,1,1,1.652084,1.0,5
1,2.000466,69.168978,1,1,1.645511,1.131448,5
0,2.5621,75.383716,1,1,1.707968,1.172427,5
1,2.0,55.523481,1,1,1.456346,1.040342,5
1,2.0,55.376512,1,1,1.498561,1.274718,5
1,2.96008,65.0,0,1,1.603501,2.0,5
1,2.53915,63.597633,1,1,1.558045,1.977801,5
1,2.244142,62.877347,1,1,1.55,1.0,5
1,3.0,73.91692,1,0,1.647514,1.62244,5
0,2.0,86.098523,1,1,1.855779,1.675733,5
0,2.0,87.083266,1,1,1.853223,1.328835,5
1,2.253371,62.211572,1,1,1.570811,2.756916,5
1,2.851664,67.913561,0,1,1.617124,2.0,5
1,1.31415,67.439589,0,1,1.644053,1.364957,5
1,1.321028,65.0,0,1,1.608914,2.0,5
1,2.0,68.818893,0,1,1.647971,1.859089,5
1,2.253998,69.975607,0,1,1.624831,2.328331,5
1,2.778079,61.10403,1,1,1.508267,1.696691,5
1,2.838037,60.267427,1,1,1.518917,1.144467,5
1,3.0,65.0,1,1,1.6,2.0,5
0,2.814453,87.85785,0,1,1.838791,1.85916,5
1,2.013782,75.920519,1,1,1.730379,1.045586,5
1,2.0,80.0,0,1,1.759117,2.651194,5
1,2.0,80.0,0,1,1.755254,2.474132,5
0,2.459976,85.196279,1,1,1.804099,2.078011,5
0,2.643183,86.144904,1,1,1.813567,2.397124,5
1,2.0,78.721696,3,1,1.75655,2.813234,5
1,2.0,79.989789,3,1,1.756774,2.781628,5
1,2.22399,69.3899,0,1,1.62,2.20312,5
1,2.104105,75.0,1,1,1.709585,1.871033,5
1,1.972545,57.259124,1,1,1.535618,1.711074,5
0,2.286481,87.032398,0,1,1.818848,1.797161,5
0,2.971588,87.107317,0,1,1.817641,1.394883,5
0,2.0,70.0,1,1,1.636592,2.881677,5
0,2.0,70.0,1,1,1.621412,2.795651,5
0,2.872121,85.770013,1,1,1.802871,2.111913,5
0,2.109162,75.399191,1,1,1.696201,1.971774,5
0,2.178889,75.0522,1,1,1.694633,1.853991,5
1,1.142468,68.981403,1,1,1.618148,2.197732,5
0,2.047069,88.633616,1,1,1.856811,1.641022,5
1,2.843709,86.934846,1,1,1.738321,1.130079,5
1,2.416044,80.914382,1,1,1.739293,1.352649,5
0,2.0,85.316125,1,1,1.807538,1.968011,5
0,2.146598,85.228116,1,1,1.849425,2.100112,5
0,2.0,75.0,1,1,1.712473,1.362642,5
1,2.0,80.0,0,1,1.753471,2.64548,5
0,2.0,75.371244,1,1,1.717432,2.0,5
0,2.0,75.0,1,1,1.677573,2.0,5
1,3.0,74.885222,1,1,1.679725,1.000695,5
1,1.766849,68.058902,1,1,1.600914,2.616285,5
1,1.188089,68.908136,1,1,1.617749,2.039535,5
0,1.910176,68.865008,1,1,1.610209,2.943097,5
0,2.0,69.463458,1,1,1.612556,3.0,5
1,2.956671,62.341438,1,1,1.548178,2.868132,5
1,2.002796,62.855073,1,1,1.568441,2.526775,5
1,2.288604,62.417228,1,1,1.532322,2.638164,5
1,2.277077,78.997062,1,1,1.730199,2.0,5
1,2.138334,78.429312,1,1,1.730167,2.0,5
0,2.0,70.0,1,1,1.627396,2.976177,5
0,2.0,70.0,1,1,1.62,3.0,5
0,2.0,70.0,1,1,1.62,3.0,5
0,2.0,70.0,1,1,1.62,3.0,5
1,2.029634,69.242354,1,1,1.638744,1.827515,5
1,2.048216,71.81338,1,1,1.680858,1.305816,5
1,2.8557,79.469513,1,1,1.758372,2.663861,5
0,2.995599,85.084364,1,1,1.822573,2.568157,5
0,2.987148,85.302146,1,1,1.815409,2.359246,5
0,2.0,75.0,1,1,1.698049,2.763573,5
1,2.0,67.773914,1,1,1.60681,3.0,5
1,1.887951,67.999778,1,1,1.610327,2.682107,5
0,2.786008,75.142858,1,1,1.710415,2.526193,5
0,2.0,75.688433,1,1,1.716289,2.0,5
0,2.342323,89.429199,1,1,1.834715,2.878866,5
1,1.874935,67.140367,1,1,1.611822,2.558773,5
1,2.213135,66.126964,1,1,1.6,2.046766,5
1,2.273548,77.97917,1,1,1.753578,1.648404,5
1,2.780699,78.664618,1,1,1.742364,1.579207,5
0,1.687569,80.113493,0,1,1.775626,2.079131,5
0,2.0,75.0,1,1,1.714253,1.081597,5
0,2.0,75.0,1,1,1.693628,1.833055,5
1,2.0,71.170001,1,1,1.659172,1.281683,5
0,1.989905,82.329047,0,1,1.776347,2.080968,5
0,1.947405,82.694689,0,1,1.767806,2.136159,5
0,2.162519,75.0,1,1,1.702516,2.152666,5
0,2.923916,85.301029,1,1,1.814182,2.372444,5
1,2.99448,65.423942,1,1,1.59994,1.706568,5
1,2.0,72.906186,1,1,1.666023,1.0,5
0,3.0,75.093569,1,1,1.701584,2.643468,5
0,2.507841,75.828119,1,1,1.713343,1.279756,5
1,1.836554,53.620604,1,1,1.489409,2.0,5
1,1.773265,55.822119,1,1,1.518067,1.075239,5
1,2.388168,65.062945,0,1,1.616533,1.438018,5
1,2.286146,65.127324,1,1,1.589616,2.657303,5
1,3.0,73.501233,1,1,1.675612,1.509734,5
0,2.0,89.754302,1,1,1.874061,1.15031,5
1,2.487167,62.631382,1,1,1.580765,2.396977,5
0,2.185938,69.575315,1,1,1.62,2.81353,5
1,2.206399,66.738769,0,1,1.613921,2.0,5
1,1.952987,67.193585,0,1,1.618683,1.334856,5
0,2.0,70.0,0,1,1.637537,2.118716,5
1,2.908757,61.616,1,1,1.566524,1.622827,5
1,2.628791,63.856193,1,1,1.542328,1.512035,5
1,3.0,65.0,1,1,1.6,2.0,5
1,2.749629,65.0,1,1,1.600184,2.0,5
0,1.595746,87.070234,0,1,1.773656,1.274389,5
1,2.885178,74.147443,1,1,1.64602,1.017006,5
1,2.372494,73.810728,1,1,1.65015,1.028538,5
0,2.0,80.0,3,1,1.751029,2.122884,5
0,2.153639,89.496905,1,1,1.838266,2.703337,5
0,2.793561,87.656029,1,1,1.824449,2.429059,5
1,2.0,79.349221,0,1,1.76,3.0,5
1,2.0,68.250249,0,1,1.622241,1.319437,5
1,2.992329,75.816864,3,1,1.729996,2.004908,5
1,2.927409,75.970712,3,1,1.725233,2.209991,5
1,2.706134,64.726948,1,1,1.541039,1.979848,5
0,2.010684,89.28282,1,1,1.773766,2.0,6
0,2.0,89.068227,1,1,1.75463,2.38725,6
0,2.0,80.0,0,1,1.674327,2.0,6
0,2.0,80.555875,0,1,1.72,2.0,6
0,2.0,101.482054,1,1,1.913241,2.175632,6
0,2.300408,82.523113,1,1,1.737984,1.738959,6
0,2.119643,82.207978,1,1,1.703688,1.723372,6
0,2.0,80.0,0,1,1.716308,2.0,6
0,2.0,80.0,0,1,1.65,2.0,6
1,2.0,65.522744,1,0,1.57856,1.970622,6
0,2.901924,85.687751,1,1,1.780846,2.76382,6
0,2.0,91.630257,1,1,1.823168,1.290979,6
1,2.451009,65.220249,0,0,1.525234,2.0,6
1,2.0,61.373868,0,0,1.481682,1.453626,6
0,2.754646,87.803311,1,1,1.768578,2.957821,6
1,2.417635,69.743323,0,0,1.569878,1.937674,6
1,2.512719,67.904023,0,0,1.568188,1.131169,6
0,1.771693,89.994415,1,1,1.792527,2.0,6
0,1.57223,89.868784,1,1,1.795311,2.0,6
1,2.0,80.0,0,1,1.700038,2.0,6
1,2.0,80.458343,0,1,1.668649,1.142873,6
0,2.0,84.687554,1,1,1.7,2.020424,6
0,2.0,83.952968,1,1,1.713825,1.810738,6
1,2.661556,78.055968,1,1,1.7,3.0,6
0,2.0,91.059595,1,1,1.835381,1.18423,6
0,2.0,80.761409,1,1,1.7,2.879402,6
1,3.0,78.0,3,1,1.7,1.699971,6
0,2.097373,83.199034,0,0,1.7,1.538626,6
1,2.061461,77.272652,1,1,1.659877,3.0,6
0,1.317729,96.192662,1,1,1.836943,2.0,6
0,1.882235,93.086419,1,1,1.819614,2.0,6
0,2.951591,85.312639,1,1,1.717775,2.971557,6
0,2.067817,90.0,1,1,1.791867,1.082084,6
1,2.54527,80.749657,3,1,1.7,2.269564,6
0,2.0,83.568035,0,1,1.68108,2.482294,6
1,2.0,78.574786,3,1,1.660756,2.0,6
0,2.0,80.491339,0,1,1.769269,2.0,6
0,2.694281,85.0,0,1,1.765188,2.653831,6
0,2.0,80.0,0,1,1.65,2.0,6
0,2.821977,80.0,0,1,1.654757,1.954968,6
1,2.0,79.165306,0,1,1.647768,1.0,6
0,2.0,80.539,1,1,1.691303,2.0,6
1,2.0,65.031879,0,0,1.532897,1.0,6
1,2.0,64.848627,0,0,1.565288,1.0,6
1,2.0,63.65233,0,0,1.5,2.0,6
1,2.252472,64.814109,0,0,1.507106,2.0,6
0,2.0,81.32297,1,1,1.70074,1.5197,6
0,2.0,81.650778,1,1,1.715118,1.628997,6
1,3.0,78.967919,0,1,1.696423,2.981604,6
1,2.033745,80.0,0,1,1.653088,1.517225,6
1,3.0,77.426465,0,1,1.681842,1.999737,6
1,2.595128,77.13322,0,1,1.652202,1.642251,6
0,2.759286,99.0,1,1,1.848683,2.549617,6
0,2.0,96.01851,1,1,1.835678,3.0,6
1,3.0,71.728069,1,0,1.560029,2.0,6
1,3.0,72.105856,1,0,1.621048,2.0,6
0,1.925064,78.0,0,0,1.699474,2.774043,6
0,2.0,82.130728,0,1,1.745528,1.774778,6
0,2.0,85.0,1,1,1.720379,2.802498,6
0,2.846981,85.050558,1,1,1.758787,2.87781,6
0,2.650629,81.384224,1,1,1.704908,1.708083,6
1,3.0,77.561602,0,1,1.691322,2.0,6
0,2.0,95.277392,1,1,1.78629,3.0,6
0,2.0,83.016968,0,1,1.705617,2.991671,6
0,2.631565,84.75383,0,1,1.733439,2.253422,6
1,2.0,83.0,0,1,1.701397,2.0,6
1,2.522399,74.433362,1,0,1.625236,2.397653,6
1,3.0,72.467862,1,0,1.545196,2.0,6
0,2.0,92.69551,1,1,1.843172,2.629043,6
0,2.784471,82.011962,1,1,1.705813,2.984153,6
0,1.650505,78.790936,1,0,1.704141,2.0,6
0,1.961347,78.073528,1,0,1.706082,2.0,6
0,2.133955,93.798055,1,1,1.842943,1.753464,6
0,2.684528,99.623778,1,1,1.880992,1.05668,6
0,2.265973,82.853749,1,1,1.726774,2.0,6
0,2.0,84.315608,0,1,1.73196,2.205911,6
0,3.0,86.963628,1,0,1.751278,2.0,6
0,2.0,88.431954,1,1,1.780448,1.791286,6
0,2.0,97.92035,1,1,1.85,1.117464,6
0,1.306844,88.03748,1,1,1.785241,2.0,6
0,2.0,86.319887,1,1,1.718845,2.693978,6
1,2.258795,68.85097,0,0,1.530248,1.172186,6
1,2.0,80.386078,0,1,1.664927,2.641642,6
1,2.689929,77.205685,0,1,1.673333,1.718569,6
0,2.712747,82.480214,1,1,1.725587,1.526313,6
1,2.353603,86.94538,0,1,1.733875,1.830614,6
1,2.598051,79.66832,0,1,1.675953,1.0,6
0,1.718156,89.802492,1,1,1.786238,2.0,6
0,2.0,80.0,0,1,1.718534,2.0,6
0,2.0,101.544589,1,1,1.919543,2.001936,6
0,2.795086,82.586893,0,1,1.707613,1.367876,6
0,2.0,80.0,0,1,1.658393,2.0,6
1,2.030256,65.912688,0,0,1.536819,1.984323,6
0,2.0,90.13868,1,1,1.805459,2.174835,6
1,2.493448,67.083121,0,0,1.521008,1.849997,6
0,2.442536,87.27989,1,1,1.744733,2.825629,6
1,2.003951,65.140408,0,0,1.529223,1.207978,6
0,1.34138,89.98168,1,1,1.799742,2.0,6
1,2.0,80.037202,0,1,1.681314,1.964435,6
0,2.0,85.743727,1,1,1.706912,2.747302,6
1,2.0,80.0,0,1,1.663509,2.13755,6
0,2.0,88.096062,1,1,1.752265,2.0,6
0,2.607335,83.337721,1,1,1.735343,2.0,6
1,3.0,78.0,3,1,1.7,1.507638,6
0,2.061384,83.414072,1,0,1.7,1.909253,6
1,2.696381,77.858532,1,0,1.633794,2.472964,6
0,1.116068,95.887056,1,1,1.856759,2.0,6
0,2.116432,90.0,1,1,1.77433,1.002292,6
1,3.0,78.0,3,1,1.7,2.147074,6
0,2.031246,84.416515,0,1,1.719509,2.803002,6
1,2.938031,78.0,3,1,1.658202,1.931242,6
0,2.0,80.993213,0,1,1.657221,2.0,6
0,2.884212,84.722222,0,1,1.713348,3.0,6
0,2.0,80.379575,0,1,1.677178,2.0,6
1,2.444599,77.224574,0,1,1.67805,1.029798,6
0,2.0,81.92991,1,1,1.717722,1.723159,6
1,2.0,60.117993,0,0,1.486484,1.0,6
1,2.0,64.342459,0,0,1.503379,1.639807,6
0,2.0,81.66995,1,1,1.718981,1.400247,6
1,3.0,79.278896,0,1,1.688354,2.994515,6
1,2.976975,77.098973,0,1,1.665807,1.868349,6
0,2.0,97.029249,1,1,1.838441,3.0,6
1,2.766036,75.090439,1,0,1.653431,2.707927,6
0,1.096455,78.0,1,0,1.699818,2.450069,6
0,2.129969,88.600878,0,1,1.718097,1.568035,6
0,2.019674,84.064875,1,0,1.731389,2.832004,6
0,2.735297,79.67793,0,0,1.699667,1.087166,6
1,3.0,78.637307,0,1,1.698626,2.503198,6
0,1.588782,96.945262,1,1,1.823765,2.469469,6
0,2.0,83.001642,0,1,1.708742,2.405172,6
1,2.01054,80.993373,0,1,1.667469,1.651548,6
1,3.0,73.939268,1,0,1.588147,2.0,6
0,2.0,92.368359,1,1,1.835024,2.766674,6
0,2.689577,83.520113,1,1,1.7088,2.279214,6
0,2.413156,79.752916,1,1,1.680991,1.985312,6
0,2.923433,97.58826,1,1,1.835271,1.944095,6
0,3.0,86.565148,1,1,1.742819,2.0,6
0,2.0,84.773349,0,1,1.741192,2.035954,6
0,2.882522,86.0805,1,1,1.759721,2.452986,6
0,2.0,92.860254,1,1,1.810616,1.622638,6
0,1.973499,88.532032,1,1,1.763101,2.0,6
1,3.0,71.799982,0,0,1.543338,2.0,6
1,2.156065,79.437921,0,1,1.651812,1.221281,6
0,2.992205,84.557797,1,1,1.732492,2.413813,6
1,2.944287,85.720788,0,1,1.706349,2.442775,6
0,1.780746,89.667406,1,1,1.780679,2.0,6
0,2.164062,89.673648,1,1,1.758687,2.168904,6
0,2.0,80.0,0,1,1.704573,2.0,6
0,2.0,80.005809,0,1,1.716545,2.0,6
0,2.0,99.812443,1,1,1.903832,2.196471,6
0,2.247704,83.390983,0,1,1.742538,1.919629,6
0,2.011656,83.314157,0,1,1.747739,1.844645,6
0,2.0,80.0,0,1,1.717037,2.0,6
1,2.0,80.0,0,1,1.65,2.0,6
1,2.03414,65.293179,0,0,1.577921,1.996384,6
0,2.746408,83.282232,0,1,1.746055,2.265727,6
0,2.0,91.798103,1,1,1.841151,1.259454,6
1,2.1239,64.696248,0,0,1.517998,2.0,6
1,2.0,62.894283,0,0,1.483284,1.833635,6
0,2.332074,87.861431,1,1,1.758972,2.999495,6
1,2.748243,70.442775,0,0,1.562434,1.962322,6
1,2.303656,67.473282,0,0,1.547066,1.163111,6
0,1.904732,89.998729,1,1,1.792435,1.204175,6
0,1.979944,89.836692,1,1,1.784555,2.0,6
1,2.0,80.473587,0,1,1.700216,1.622214,6
0,2.0,80.939733,0,1,1.672101,1.40077,6
0,2.0,84.849349,1,1,1.7,2.056053,6
0,2.407817,83.986714,1,1,1.721348,1.983649,6
1,2.734314,78.008388,3,1,1.7,3.0,6
0,2.0,91.052215,1,1,1.803129,1.199517,6
1,2.0,80.420434,1,1,1.70002,2.386904,6
1,2.784383,78.041338,3,1,1.7,2.165605,6
0,2.009952,83.285753,1,1,1.713599,1.660614,6
0,2.008656,77.473204,1,0,1.662728,3.0,6
0,1.122127,95.952027,1,1,1.837399,2.0,6
0,1.963965,91.363293,1,1,1.80827,1.85537,6
0,2.319776,85.137113,1,1,1.714508,2.154898,6
0,1.899116,89.909259,1,1,1.793451,1.39854,6
1,2.042762,81.108599,1,1,1.700499,1.522426,6
0,2.129668,84.451423,0,1,1.694997,2.60669,6
1,2.182401,78.434492,3,1,1.688911,2.456939,6
0,2.0,80.400306,0,1,1.673394,2.0,6
0,2.802696,85.0,0,1,1.769499,2.978465,6
0,2.0,80.0,0,1,1.65,2.0,6
0,2.492758,79.863546,0,0,1.662669,1.992586,6
1,2.733129,79.849252,0,1,1.67861,1.302594,6
0,2.0,80.311273,0,1,1.694423,2.0,6
1,2.0,63.892071,0,0,1.505437,1.278578,6
1,2.0,63.715219,0,0,1.505387,1.846441,6
1,2.0,62.269912,0,0,1.491441,1.995035,6
1,2.294067,64.852953,0,0,1.509408,2.0,6
0,2.0,81.022119,0,1,1.685045,1.606076,6
0,2.315932,82.338464,1,1,1.723072,1.568476,6
1,3.0,78.156035,0,1,1.696954,2.166024,6
1,2.802128,79.079738,0,1,1.676095,1.744628,6
1,2.79606,77.392179,0,1,1.681021,1.921601,6
1,2.086898,79.697278,0,1,1.654067,2.088929,6
0,2.333503,98.259423,1,1,1.840708,2.559265,6
0,2.0,97.416417,1,1,1.836007,3.0,6
1,3.0,71.788181,0,0,1.556789,2.0,6
1,3.0,72.713611,1,0,1.5891,2.0,6
0,1.653081,78.048207,1,0,1.700627,2.192063,6
0,2.535315,84.729197,0,1,1.743935,1.146595,6
0,2.0,85.0,1,0,1.742654,2.976229,6
0,2.765769,85.002884,1,1,1.754441,2.845134,6
0,2.215464,80.790813,0,1,1.719342,1.80996,6
1,3.0,77.431678,0,1,1.682253,1.999882,6
0,2.0,95.419668,1,1,1.799902,3.0,6
0,2.0,83.014033,0,1,1.709428,2.01051,6
0,2.63165,84.783756,0,1,1.752456,2.778587,6
0,2.0,83.3258,0,1,1.685947,2.136398,6
1,2.942154,73.513873,1,0,1.599999,2.184768,6
1,3.0,72.9518,1,0,1.550053,2.0,6
0,2.0,91.495718,1,1,1.828092,2.035104,6
0,2.716909,82.085549,1,1,1.71338,2.90545,6
0,1.83746,79.621463,0,0,1.680764,2.0,6
0,1.936479,78.025625,1,0,1.705584,2.159987,6
0,2.045027,93.614246,1,1,1.841852,1.307563,6
0,2.760607,99.083478,1,1,1.834986,1.336378,6
0,2.09449,82.27635,1,1,1.724839,2.0,6
0,2.0,83.986895,0,1,1.685127,2.452789,6
0,2.907062,86.372141,1,1,1.750097,2.740848,6
0,2.0,87.906019,1,1,1.757961,1.855054,6
0,2.399531,98.912261,1,1,1.848965,2.535127,6
0,1.521604,89.393589,1,1,1.789193,2.0,6
0,2.0,85.261339,1,1,1.716677,2.083939,6
1,2.501683,69.936073,0,0,1.550122,1.337378,6
1,2.0,80.135167,0,1,1.663178,1.992548,6
1,2.76802,77.355417,0,1,1.679299,1.873591,6
0,2.742796,82.52724,1,1,1.729177,1.99467,6
0,2.325623,86.464843,0,1,1.719153,1.94609,6
1,2.076689,80.413997,0,1,1.687326,1.026729,6
0,3.0,105.0,1,1,1.772449,2.045069,2
0,3.0,105.712219,1,1,1.837117,2.509147,2
0,2.271306,102.872505,1,1,1.784377,1.771198,2
0,2.33361,101.780099,1,1,1.792507,2.504136,2
1,2.13683,78.233341,1,1,1.556579,1.505381,2
1,2.0,80.351263,1,1,1.585547,2.0,2
1,2.909853,81.827288,0,1,1.569234,2.0,2
1,2.490507,81.936398,0,1,1.583943,1.846754,2
1,1.063449,82.0,1,1,1.621233,2.0,2
1,2.699282,82.603984,1,1,1.6084,2.598632,2
0,2.0,97.911865,0,1,1.733439,2.843675,2
0,2.4277,88.472359,0,1,1.65,3.0,2
1,2.87599,87.272552,0,1,1.650052,2.777712,2
1,2.177243,84.340406,0,1,1.644161,2.715572,2
1,2.0,77.26813,1,1,1.559499,1.630528,2
0,2.0,95.0,0,1,1.734237,2.287248,2
0,2.0,97.813023,0,1,1.775815,3.0,2
1,3.0,87.344156,0,1,1.640426,3.0,2
1,3.0,82.13682,1,1,1.65,1.0,2
0,3.0,107.998815,1,1,1.753321,1.776991,2
1,2.0,77.74518,1,1,1.553026,1.406115,2
0,2.0,90.500055,0,1,1.706525,1.530493,2
1,2.846452,80.0,1,1,1.560648,1.459511,2
0,2.19011,90.0,1,1,1.673352,2.348981,2
0,2.0,94.189167,0,1,1.660324,2.0,2
0,2.0,98.447311,1,1,1.786318,2.680292,2
0,2.0,95.361795,0,1,1.757691,3.0,2
0,2.0,98.699971,0,1,1.712163,2.205977,2
0,2.069267,100.84763,3,1,1.78,3.0,2
1,1.362441,82.040318,0,1,1.6,2.166228,2
1,2.09663,82.532994,0,1,1.61082,2.432967,2
1,2.928234,83.15115,0,1,1.665199,2.777379,2
1,2.0,80.0,1,1,1.542122,1.372811,2
1,2.0,79.58958,1,1,1.507867,1.0,2
0,2.0,90.0,1,1,1.660955,3.0,2
1,2.0,78.0,0,1,1.553127,2.0,2
0,2.0,102.910613,0,1,1.781952,1.689793,2
0,2.0,96.940255,0,1,1.75,2.771469,2
1,2.0,80.615325,0,1,1.615854,2.0,2
0,2.0,105.655037,1,1,1.793378,1.155384,2
0,2.0,114.77484,1,1,1.85478,2.160169,2
1,2.496455,90.032671,1,1,1.685633,1.850344,2
1,1.70825,93.348843,1,1,1.706343,1.0,2
0,2.262171,105.138073,1,1,1.791415,2.03415,2
0,2.740633,106.49141,1,1,1.753716,2.081005,2
0,2.0,103.189532,0,1,1.780503,1.608128,2
0,2.0,106.038468,0,1,1.819867,2.715252,2
0,2.0,108.9606,0,1,1.791174,2.279124,2
0,2.0,108.742005,0,1,1.82093,2.497065,2
1,1.081585,82.0,1,1,1.627812,1.11756,2
1,2.587789,82.0,1,1,1.632118,1.911664,2
0,2.252653,105.000789,1,1,1.773594,2.962371,2
0,2.0,118.560509,1,1,1.930416,3.0,2
0,2.0,116.893105,1,1,1.947406,3.0,2
1,2.036613,80.0,1,1,1.610867,1.93059,2
1,2.0,75.410647,1,1,1.513202,1.535134,2
0,2.0,97.185474,0,1,1.738465,2.0,2
1,2.0,76.129784,1,1,1.567915,2.102976,2
1,2.0,76.126112,1,1,1.587546,2.091934,2
0,2.0,108.395005,1,1,1.820385,2.094479,2
0,2.0,108.244379,1,1,1.792239,2.939847,2
0,2.0,108.751502,1,1,1.82697,2.358038,2
1,2.609123,86.242679,0,1,1.670058,1.955053,2
0,1.036159,91.267087,1,1,1.639383,1.0,2
0,1.851262,89.991671,1,1,1.682916,2.11267,2
1,2.0,84.493156,0,1,1.609321,1.051735,2
0,2.0,96.366777,0,1,1.690437,2.0,2
0,2.0,99.204695,0,1,1.700164,2.0,2
1,2.501236,82.249831,0,1,1.60074,1.220331,2
0,2.0,104.741914,0,1,1.801848,3.0,2
0,3.0,105.025808,1,1,1.844751,2.925029,2
0,3.0,106.042142,1,1,1.811602,2.858171,2
0,2.031185,100.624553,3,1,1.787521,2.852254,2
0,2.014194,100.066268,3,1,1.789109,2.184707,2
1,2.028225,78.030383,0,1,1.533364,1.798917,2
1,2.0,79.713492,0,1,1.580858,2.0,2
1,2.81646,86.639861,0,1,1.64639,1.722063,2
1,2.037585,81.978743,0,1,1.643786,1.827351,2
1,1.853314,82.414477,1,1,1.634342,2.135552,2
1,1.00876,82.0,1,1,1.604893,2.0,2
0,2.0,94.790579,0,1,1.654961,1.490613,2
0,2.0,95.0,0,1,1.701986,2.02127,2
0,2.103335,89.139209,0,1,1.65,3.0,2
0,2.0,90.0,0,1,1.657995,3.0,2
1,2.060922,82.628,0,1,1.634688,2.235282,2
1,2.058687,84.49798,0,1,1.628168,2.010596,2
1,2.0,79.661693,1,1,1.557808,1.274774,2
1,2.533605,80.0,1,1,1.560199,1.893691,2
0,2.0,95.324282,0,1,1.750384,3.0,2
0,2.0,95.269089,0,1,1.753081,3.0,2
1,2.457547,88.126544,0,1,1.65,3.0,2
1,2.983851,87.676154,0,1,1.650012,2.854161,2
1,2.954996,85.583485,0,1,1.65,1.0,2
1,2.061969,85.803809,0,1,1.634832,1.229171,2
0,3.0,108.602715,1,1,1.770126,1.163264,2
0,3.0,108.721893,1,1,1.758189,1.271178,2
1,2.0,77.354744,0,1,1.595165,2.117346,2
1,2.0,79.493626,0,1,1.567756,2.952506,2
0,2.0,93.638318,0,1,1.702825,1.746197,2
0,2.0,93.429205,0,1,1.735659,1.249307,2
1,2.450784,80.0,1,1,1.62901,1.335192,2
1,2.972426,80.0,1,1,1.615385,1.636326,2
0,2.467002,90.0,1,1,1.671705,2.104054,2
0,2.934671,89.993812,1,1,1.676595,2.041462,2
0,2.0,95.564428,0,1,1.699998,2.0,2
0,2.0,94.094184,0,1,1.722785,2.0,2
0,2.903545,90.575934,1,1,1.670667,2.450069,2
0,2.043359,98.021766,1,1,1.789992,2.785804,2
0,2.0,97.449743,0,1,1.768834,2.973729,2
0,2.0,97.829344,0,1,1.761008,2.988771,2
0,2.787589,102.265955,1,1,1.78,3.0,2
0,2.39728,105.254354,1,1,1.810215,2.659419,2
1,2.150054,82.954796,0,1,1.608469,2.768325,2
1,2.977585,83.1011,0,1,1.630357,2.839319,2
1,2.274491,82.967937,1,1,1.62826,2.2695,2
1,1.557287,82.470375,1,1,1.605662,2.371015,2
1,2.152264,81.056851,1,1,1.567973,1.513199,2
1,2.0,80.0,1,1,1.548403,1.326165,2
0,2.08841,90.0,1,1,1.681855,2.773236,2
0,2.180047,90.0,1,1,1.688436,2.77962,2
1,2.0,78.0,0,1,1.577115,2.0,2
1,2.0,79.109029,0,1,1.586751,2.0,2
0,2.0,99.860254,0,1,1.710616,2.0,2
0,2.0,99.430612,0,1,1.721384,2.0,2
1,1.826885,82.0,0,1,1.624367,2.0,2
1,1.754401,82.0,0,1,1.622787,2.0,2
0,2.0,112.875283,1,1,1.855433,2.574073,2
0,2.0,118.183797,1,1,1.856315,3.0,2
1,1.524428,90.671871,1,1,1.681719,1.383831,2
1,1.164062,92.949254,1,1,1.722884,1.157395,2
0,2.123159,106.528811,1,1,1.799406,2.415343,2
0,2.0,106.048516,1,1,1.819875,2.745242,2
0,2.259679,105.042194,1,1,1.790172,1.026143,2
0,2.044326,105.000276,1,1,1.783782,2.35818,2
0,2.0,109.207614,0,1,1.783906,2.438398,2
0,2.0,109.195529,0,1,1.844218,2.191401,2
1,2.843456,82.0,0,1,1.631662,1.001995,2
1,2.864776,82.323954,0,1,1.649553,1.876915,2
0,2.871137,105.000706,1,1,1.754711,2.627569,2
0,2.282803,105.000097,1,1,1.762515,2.104264,2
0,2.0,121.657979,1,1,1.942725,3.0,2
0,2.0,120.702935,1,1,1.975663,3.0,2
1,2.020502,80.0,1,1,1.586301,1.93142,2
1,2.020785,80.0,1,1,1.598448,1.972551,2
0,2.0,98.296651,0,1,1.703098,2.0,2
0,2.0,99.544696,0,1,1.706996,2.0,2
1,2.0,75.150345,1,1,1.526472,1.084442,2
1,2.0,76.642944,1,1,1.501993,1.0,2
0,2.0,108.413119,0,1,1.784402,2.655795,2
0,2.0,108.204547,0,1,1.792687,2.967064,2
0,2.407817,109.411622,1,1,1.814052,1.796257,2
0,2.21498,109.599453,1,1,1.789421,1.179942,2
1,2.737149,90.004046,1,1,1.686904,1.997195,2
1,1.899793,91.499683,1,1,1.703259,1.439962,2
0,2.274164,89.738596,1,1,1.665798,1.358172,2
0,1.897796,89.048151,1,1,1.66671,1.193039,2
1,2.85916,84.210535,0,1,1.65,1.0,2
1,2.0,84.897738,0,1,1.649439,1.039313,2
0,2.0,97.971598,0,1,1.702002,2.0,2
0,2.0,99.530971,0,1,1.69382,2.0,2
1,2.340405,82.403076,0,1,1.622999,1.655245,2
1,2.921576,82.459577,0,1,1.633675,1.003636,2
0,2.0,105.257543,0,1,1.836669,2.793505,2
0,2.0,103.705418,0,1,1.798354,2.401315,2
0,3.0,105.131956,1,1,1.824432,2.110611,2
0,3.0,105.479313,1,1,1.830384,2.480277,2
0,3.0,105.436173,1,1,1.829907,2.224914,2
0,2.92711,105.800158,1,1,1.823755,2.151496,2
0,2.805533,105.19936,1,1,1.834842,1.882847,2
0,2.902469,103.771371,1,1,1.783901,2.600238,2
0,2.845961,103.586342,3,1,1.782067,2.642273,2
0,2.252698,96.303855,3,1,1.781032,2.923856,2
1,2.02091,77.647716,1,1,1.557943,1.506518,2
1,2.108163,78.435904,1,1,1.560258,1.808127,2
1,1.518966,80.726195,0,1,1.596586,2.0,2
1,2.260543,81.718232,0,1,1.62093,1.947935,2
1,2.522183,81.918809,0,1,1.571417,1.872673,2
1,2.186322,80.986496,0,1,1.584322,2.471033,2
1,2.76632,81.919454,0,1,1.582523,1.889341,2
1,2.071622,80.086524,0,1,1.572791,1.468297,2
1,1.918251,82.0,1,1,1.627908,1.998108,2
1,1.967061,82.283185,1,1,1.620938,2.548651,2
1,2.964419,82.636162,1,1,1.613119,2.977516,2
1,2.640801,82.410189,1,1,1.62686,2.022355,2
0,2.0,97.959899,0,1,1.728183,2.364208,2
0,2.0,98.44113,0,1,1.732694,2.326635,2
1,2.870152,88.129437,0,1,1.65,3.0,2
1,2.482575,88.026943,0,1,1.65,3.0,2
1,2.290095,86.002736,0,1,1.66913,2.506296,2
1,2.074843,85.568385,0,1,1.669136,2.428271,2
1,2.14128,84.191125,0,1,1.611058,2.519841,2
1,2.334474,84.134712,0,1,1.649736,2.776724,2
1,2.0,77.550345,1,1,1.532643,1.186996,2
1,2.0,76.202761,1,1,1.524293,1.603549,2
0,2.0,95.0,0,1,1.701634,2.133469,2
0,2.0,94.743892,0,1,1.723921,2.183149,2
0,2.0,96.078462,0,1,1.769484,3.0,2
0,2.0,97.842406,0,1,1.777416,3.0,2
1,2.693859,88.119139,0,1,1.64456,3.0,2
1,2.607747,88.079177,0,1,1.641149,3.0,2
1,2.66889,82.144405,0,1,1.642892,1.172593,2
1,3.0,82.01831,0,1,1.65,1.0,2
0,3.0,106.452367,1,1,1.777251,1.911379,2
0,2.921225,107.55963,1,1,1.814696,2.869439,2
1,2.0,77.601483,1,1,1.559005,1.572371,2
1,2.0,77.684229,1,1,1.556028,1.440629,2
0,1.492834,91.204753,0,1,1.653751,1.005367,2
0,1.220024,91.068054,0,1,1.680171,1.046254,2
1,2.667676,80.0,1,1,1.552648,1.399629,2
1,2.569075,80.0,1,1,1.560215,1.567366,2
0,2.949242,90.0,1,1,1.672959,2.210997,2
0,2.104772,89.994351,1,1,1.680058,2.218691,2
0,2.0,94.256547,0,1,1.664752,2.0,2
0,2.0,94.454394,0,1,1.668553,2.0,2
0,2.871768,100.431625,3,1,1.785286,2.691322,2
0,2.540949,98.790167,3,1,1.780725,2.929123,2
0,2.0,95.285898,0,1,1.751046,2.530301,2
0,2.0,95.290429,0,1,1.751365,3.0,2
0,2.0,98.579156,0,1,1.717262,2.263551,2
0,2.0,98.182498,0,1,1.741393,2.668261,2
0,2.222282,101.285765,1,1,1.7921,2.791604,2
0,2.04516,99.199287,1,1,1.785957,2.856521,2
1,2.094184,83.785312,0,1,1.609068,2.257922,2
1,1.123672,82.012637,0,1,1.603963,2.042078,2
1,2.049112,82.528575,0,1,1.605495,2.280555,2
1,1.880534,82.368441,0,1,1.607182,2.313245,2
1,1.203754,82.595793,1,1,1.661715,2.765593,2
1,2.73691,82.46376,1,1,1.655742,2.677409,2
1,2.736628,80.0,1,1,1.549257,1.385175,2
1,2.0,80.0,1,1,1.549748,1.687611,2
1,2.0,79.760922,1,1,1.52906,1.0,2
1,2.0,79.843221,1,1,1.517248,1.095134,2
0,2.0,90.0,1,1,1.65731,3.0,2
0,2.0,90.0,1,1,1.673287,3.0,2
1,2.0,78.089575,0,1,1.581527,2.0,2
1,2.0,80.535698,0,1,1.562724,2.0,2
0,2.0,102.950929,0,1,1.781251,1.618189,2
0,2.121909,103.605896,0,1,1.775584,2.500556,2
0,2.0,96.875502,0,1,1.746645,2.714091,2
0,2.0,96.738014,0,1,1.741353,2.697661,2
1,2.0,78.997166,0,1,1.571812,2.0,2
1,2.0,80.553067,0,1,1.589027,2.0,2
0,2.0,105.686091,1,1,1.803245,2.290368,2
0,2.0,105.619143,1,1,1.792646,1.025275,2
0,2.0,115.627554,1,1,1.87199,2.515765,2
0,2.0,111.235188,1,1,1.859056,2.039514,2
1,2.642744,90.019501,1,1,1.692242,1.904054,2
1,2.387426,90.924208,1,1,1.683,1.77962,2
1,1.996638,93.890682,1,1,1.738397,1.033199,2
1,2.107854,92.508122,1,1,1.694969,1.383894,2
0,2.253707,105.055686,1,1,1.785718,2.524432,2
0,2.393837,105.028665,1,1,1.7425,2.01499,2
0,2.348745,106.329569,1,1,1.803132,2.096751,2
0,2.312825,105.966894,1,1,1.774644,2.073497,2
0,2.0,104.97003,1,1,1.782269,1.234943,2
0,2.0,102.921218,1,1,1.780791,1.613829,2
0,2.490776,106.320686,1,1,1.790151,2.654517,2
0,2.078082,105.496975,1,1,1.818641,2.895614,2
0,2.0,108.829395,0,1,1.806827,2.416213,2
0,2.0,108.800964,0,1,1.811189,2.121176,2
0,2.0,108.897324,0,1,1.811738,2.36293,2
0,2.0,108.934574,0,1,1.799779,2.434832,2
1,2.805512,82.0,1,1,1.632605,1.001307,2
1,1.276858,82.851318,1,1,1.623377,1.403784,2
1,2.396265,81.281578,0,1,1.618686,1.979833,2
1,2.663866,82.582954,0,1,1.616085,2.379275,2
0,2.685484,105.000576,1,1,1.769328,2.649459,2
0,2.055209,105.696358,1,1,1.807029,2.885852,2
0,2.0,117.468516,1,1,1.882533,2.325091,2
0,2.0,112.932984,1,1,1.879144,2.53369,2
0,2.0,118.20313,1,1,1.931263,3.0,2
0,2.0,115.39792,1,1,1.861358,3.0,2
1,2.025479,80.0,1,1,1.567131,1.941224,2
1,2.002564,80.0,1,1,1.565366,1.935398,2
1,2.0,77.033049,1,1,1.516007,1.61837,2
1,2.0,76.082517,1,1,1.549812,1.551266,2
0,2.0,96.568814,0,1,1.714143,2.0,2
0,2.0,97.350366,0,1,1.723191,2.0,2
1,2.0,76.65949,1,1,1.562889,1.440526,2
1,2.0,75.279605,1,1,1.502609,1.759803,2
1,2.0,77.053948,1,1,1.544937,2.090413,2
1,2.0,77.00103,1,1,1.592316,2.806922,2
0,2.0,108.019211,0,1,1.787733,2.616138,2
0,2.0,108.044313,0,1,1.782722,2.297896,2
0,2.0,108.316462,0,1,1.797523,2.708168,2
0,2.0,108.251044,0,1,1.803527,2.530157,2
0,2.385502,108.15619,1,1,1.801224,2.140544,2
0,2.465575,107.10819,1,1,1.829239,2.480555,2
1,2.818502,89.93889,0,1,1.692913,1.991251,2
1,2.081238,85.607466,0,1,1.668555,1.18363,2
0,1.368978,93.310284,0,1,1.652971,1.953152,2
0,1.712848,90.744965,0,1,1.661277,1.162153,2
0,1.3307,89.424947,1,1,1.641784,1.880967,2
0,1.961069,89.995034,1,1,1.673767,2.652327,2
1,2.976509,83.121811,0,1,1.617192,1.022705,2
1,2.319648,82.412665,0,1,1.602129,1.107164,2
0,2.0,96.710735,0,1,1.701413,2.623344,2
0,2.0,95.032177,0,1,1.709731,2.0,2
0,2.0,98.572753,0,1,1.698829,2.0,2
0,2.0,99.873716,0,1,1.705304,2.0,2
1,1.261288,82.193405,0,1,1.61291,1.166655,2
1,2.76533,82.039,0,1,1.605469,1.048584,2
0,2.0,104.40682,0,1,1.80416,3.0,2
0,2.0,104.187314,0,1,1.785062,2.15157,2
0,2.317734,112.289883,0,1,1.755926,2.152736,3
0,1.588114,115.127662,0,1,1.787802,2.115967,3
0,2.549782,107.94747,0,1,1.704877,1.0,3
0,2.795086,102.810704,0,1,1.695347,1.0,3
0,2.206276,128.828122,1,1,1.908608,1.813082,3
0,2.0,122.137917,1,1,1.819296,1.984323,3
0,2.18354,118.154345,1,0,1.773259,2.277937,3
0,2.962415,120.151967,1,0,1.774647,2.172649,3
0,2.442536,116.160329,1,1,1.773664,2.174371,3
0,1.99124,112.725005,1,1,1.793476,2.0,3
0,3.0,120.860386,1,1,1.82559,3.0,3
0,2.408561,121.253083,1,1,1.885543,2.851904,3
0,2.758394,120.0,1,1,1.75,2.174248,3
0,2.956297,128.867444,1,1,1.87407,1.2751,3
0,1.369529,112.256165,1,1,1.755967,2.0,3
0,1.392665,117.298233,1,1,1.757069,2.0,3
0,2.0,116.594351,1,1,1.75,1.725226,3
0,2.630401,101.634313,1,1,1.704028,1.0,3
0,3.0,121.414744,1,1,1.849003,2.054072,3
0,3.0,122.024954,1,1,1.841989,1.645338,3
0,3.0,98.490766,0,1,1.613491,1.0,3
0,2.869778,106.509947,0,1,1.647821,1.656082,3
0,1.868212,112.010504,1,1,1.75834,2.023328,3
0,1.108663,112.089022,1,1,1.758398,2.0,3
0,2.907744,101.626189,0,1,1.670774,1.0,3
0,2.95801,98.66176,0,1,1.665585,1.0,3
0,2.197261,129.852531,1,1,1.914186,1.11184,3
0,2.048962,124.269251,1,1,1.899588,2.822871,3
0,2.139196,118.102897,1,1,1.75,2.04843,3
0,2.72989,119.434645,1,1,1.75,2.030084,3
0,2.0,116.160329,1,1,1.773664,2.0,3
0,1.994679,116.102615,1,1,1.792998,2.0,3
0,2.403421,120.860386,1,1,1.82559,2.490613,3
0,3.0,120.996074,1,1,1.827279,3.0,3
0,2.758394,121.204668,1,1,1.775416,2.161303,3
0,2.964319,118.363376,1,1,1.766975,2.377257,3
0,1.617093,117.384745,1,1,1.754218,2.0,3
0,1.631144,119.087557,1,1,1.754996,2.0,3
0,2.317459,108.308112,0,1,1.748103,1.0,3
0,2.501224,103.669116,0,1,1.73325,1.0,3
0,3.0,121.786485,1,1,1.84995,1.555534,3
0,3.0,122.333425,1,1,1.849601,1.340117,3
0,3.0,99.961731,0,1,1.606066,1.0,3
0,2.983042,103.175516,0,1,1.611434,1.430444,3
0,2.323351,113.90198,1,1,1.762887,2.165048,3
0,1.428289,112.287678,1,1,1.755938,2.117733,3
0,1.992889,115.428276,1,1,1.787052,2.141271,3
0,1.562804,114.330023,1,1,1.765258,2.075493,3
0,1.794825,110.714711,0,1,1.726279,1.972016,3
0,2.305349,109.889334,0,1,1.735851,1.02161,3
0,2.576449,103.841672,0,1,1.699793,1.0,3
0,2.754645,103.0344,0,1,1.703202,1.541733,3
0,2.633855,128.856677,1,1,1.906821,1.619305,3
0,2.200588,129.935666,1,1,1.910987,1.295697,3
0,2.499108,120.644178,1,1,1.784049,2.040952,3
0,2.05687,120.549592,1,1,1.783914,2.358088,3
0,2.247795,120.202596,1,1,1.863883,2.816015,3
0,2.239634,118.277657,1,1,1.812259,2.684264,3
0,2.09283,118.206565,1,1,1.75015,2.077704,3
0,2.9673,120.399758,1,1,1.815347,2.530035,3
0,2.225731,114.133149,1,1,1.767077,2.154326,3
0,2.178308,115.531622,1,1,1.762461,2.165804,3
0,2.065752,112.438508,1,1,1.779049,2.078297,3
0,2.263245,112.957922,1,1,1.780731,2.092509,3
0,2.443538,120.898397,1,1,1.872517,2.939492,3
0,2.744994,119.050381,1,1,1.801224,2.478838,3
0,2.630137,121.277832,1,1,1.876898,1.970508,3
0,2.113843,120.589419,1,1,1.77558,2.316069,3
0,2.821727,120.082941,1,1,1.76569,2.173279,3
0,2.312528,118.382361,1,1,1.759772,2.208068,3
0,2.938801,126.460936,1,1,1.823545,1.478994,3
0,2.050619,125.064264,1,1,1.868923,1.515183,3
0,1.457758,113.207124,1,1,1.77151,2.020249,3
0,2.19331,114.097656,1,1,1.77219,2.089983,3
0,2.028571,117.57457,1,1,1.858265,2.530428,3
0,1.455602,118.424156,1,1,1.830596,2.363307,3
0,2.177896,118.533246,1,1,1.765836,1.745095,3
0,2.252382,117.29188,1,1,1.770278,1.879381,3
0,2.668949,103.706181,0,1,1.673491,1.279443,3
0,2.723953,102.686239,0,1,1.703346,1.0,3
0,3.0,121.142535,1,1,1.842906,2.738485,3
0,2.736298,118.740035,1,1,1.779547,2.045561,3
0,2.722161,121.82962,1,1,1.873368,2.375707,3
0,2.971574,120.021161,1,1,1.755902,1.962646,3
0,2.871016,100.941357,0,1,1.617655,1.016585,3
0,2.96405,100.004418,0,1,1.644517,1.0,3
0,2.653721,104.578255,0,1,1.701284,1.368457,3
0,2.859097,104.548794,0,1,1.65891,1.530508,3
0,1.572036,112.000381,1,1,1.759324,2.003563,3
0,1.387489,112.10074,1,1,1.758382,2.017712,3
0,2.941929,99.982541,0,1,1.622297,1.014135,3
0,2.973569,97.582959,0,1,1.623278,1.003063,3
0,2.041376,129.991623,1,1,1.918859,1.120213,3
0,2.02472,129.232216,1,1,1.913252,1.800335,3
0,2.133964,118.07381,1,1,1.75,2.008361,3
0,2.702457,119.029103,1,1,1.75,2.005194,3
0,1.760038,113.714521,1,1,1.784994,2.003531,3
0,1.996646,116.157766,1,1,1.792533,2.0,3
0,2.644094,120.980508,1,1,1.829757,2.740525,3
0,2.475892,120.988454,1,1,1.796415,2.949356,3
0,2.941627,120.0,1,1,1.75,2.318134,3
0,2.998441,118.548733,1,1,1.762389,2.462916,3
0,2.397284,121.236915,1,1,1.825718,1.983973,3
0,2.382705,120.431551,1,1,1.839699,1.999278,3
0,2.176317,109.908779,0,1,1.749405,1.015672,3
0,2.0,115.806977,0,1,1.75,1.142644,3
0,3.0,122.119682,1,1,1.849998,1.292786,3
0,3.0,122.609911,1,1,1.84998,1.179254,3
0,2.877743,100.618239,0,1,1.607939,1.000463,3
0,3.0,99.605527,0,1,1.603226,1.0,3
0,2.303041,112.471118,1,1,1.770663,2.065817,3
0,2.323003,112.395309,1,1,1.758038,2.155558,3
0,1.99953,115.025361,1,1,1.786997,2.111908,3
0,1.585183,114.906095,1,1,1.771837,2.101841,3
0,2.281963,109.349025,0,1,1.722396,1.0,3
0,2.561638,107.025415,0,1,1.701387,1.0,3
0,2.600217,103.017623,0,1,1.697421,1.0,3
0,2.79166,102.815983,0,1,1.696365,1.254589,3
0,2.08868,129.679131,1,1,1.909198,1.520215,3
0,2.206119,129.874864,1,1,1.909105,1.483856,3
0,2.328469,121.094257,1,1,1.801368,2.001208,3
0,2.002784,123.721352,1,1,1.860292,2.292906,3
0,1.975675,118.332689,1,1,1.819535,2.357969,3
0,2.002076,118.165082,1,1,1.793174,2.338373,3
0,2.218599,118.299585,1,1,1.75015,2.104337,3
0,2.9673,120.098812,1,1,1.754956,2.530035,3
0,2.392179,115.089316,1,1,1.773115,2.16467,3
0,2.381164,115.828167,1,1,1.772731,2.170225,3
0,2.008245,112.536367,1,1,1.787933,2.040137,3
0,2.155182,112.740797,1,1,1.785277,2.049079,3
0,2.969233,120.8158,1,1,1.817572,2.807984,3
0,2.765063,120.420406,1,1,1.84342,2.867206,3
0,2.630137,121.244969,1,1,1.874519,2.960088,3
0,2.195964,120.901591,1,1,1.796332,2.514872,3
0,2.619987,119.117122,1,1,1.756221,2.194746,3
0,2.918113,118.565568,1,1,1.757132,2.240463,3
0,2.889485,129.157346,1,1,1.889104,1.279771,3
0,2.939727,127.507411,1,1,1.869323,1.344122,3
0,1.264234,112.200812,1,1,1.757154,2.0,3
0,1.517912,113.234349,1,1,1.764484,2.038958,3
0,2.23372,117.398976,1,1,1.774775,2.028368,3
0,1.475906,117.708705,1,1,1.769933,2.01943,3
0,2.032883,117.651046,1,1,1.760175,1.726109,3
0,2.046651,116.974504,1,1,1.763029,1.732072,3
0,2.667229,102.872802,0,1,1.679515,1.225958,3
0,2.819934,100.176866,0,1,1.699354,1.0,3
0,3.0,121.658729,1,1,1.849307,1.693362,3
0,2.954417,121.684311,1,1,1.86741,2.104696,3
0,2.826251,121.835883,1,1,1.86714,1.842173,3
0,3.0,121.421121,1,1,1.848553,2.011023,3
0,2.95841,98.54302,0,1,1.61981,1.0,3
0,2.935157,99.592225,0,1,1.647807,1.0,3
0,2.870895,104.303711,0,1,1.619128,1.375728,3
0,2.869833,104.270062,0,1,1.64187,1.533682,3
0,1.878251,112.173731,1,1,1.787379,2.022933,3
0,1.750809,112.007101,1,1,1.758355,2.002871,3
0,1.168856,113.089716,1,1,1.76414,2.013205,3
0,1.443674,112.226032,1,1,1.767186,2.002194,3
0,2.826036,102.022057,0,1,1.67782,1.0,3
0,2.9553,100.543983,0,1,1.668478,1.0,3
0,2.774562,99.540122,0,1,1.685462,1.0,3
0,2.772027,99.709329,0,1,1.694642,1.0,3
0,2.499626,129.349471,1,1,1.886109,1.125338,3
0,2.108638,129.966428,1,1,1.915,1.014876,3
0,2.467548,124.070717,1,1,1.841908,2.66029,3
0,2.585942,123.172214,1,1,1.868127,2.302506,3
0,2.14961,119.205308,1,1,1.751688,2.133876,3
0,2.938616,118.237782,1,1,1.755333,2.06039,3
0,2.535154,117.8972,1,1,1.754217,1.8924,3
0,2.611222,118.668332,1,1,1.76071,1.796376,3
0,1.800122,116.311962,1,1,1.755938,2.0,3
0,1.482722,116.669906,1,1,1.765137,2.0,3
0,1.735664,115.382519,1,1,1.788239,2.041536,3
0,1.655684,116.164351,1,1,1.767121,2.0,3
0,2.598207,120.975489,1,1,1.840039,2.006167,3
0,2.225149,120.805715,1,1,1.824901,2.357978,3
0,3.0,120.998266,1,1,1.828391,3.0,3
0,3.0,120.996581,1,1,1.829529,3.0,3
0,2.519592,120.751656,1,1,1.779325,2.229145,3
0,2.111887,120.794535,1,1,1.781139,2.357373,3
0,2.970983,119.373019,1,1,1.764166,2.828861,3
0,2.907542,118.805937,1,1,1.754796,2.284494,3
0,1.451337,117.368716,1,1,1.756509,2.0,3
0,1.537505,117.326523,1,1,1.756772,2.0,3
0,1.893428,119.441207,1,1,1.754439,2.0,3
0,2.007845,119.192922,1,1,1.755142,1.968796,3
0,2.487781,108.012603,0,1,1.706741,1.0,3
0,2.541785,106.421042,0,1,1.74285,1.0,3
0,2.813775,102.523111,0,1,1.6811,1.0,3
0,2.562687,103.067766,0,1,1.705682,1.458545,3
0,3.0,121.560938,1,1,1.849507,1.560064,3
0,2.922511,121.737836,1,1,1.853373,1.809531,3
0,3.0,122.06261,1,1,1.84753,1.591597,3
0,2.836055,121.458232,1,1,1.87034,1.711666,3
0,2.880759,100.783434,0,1,1.607787,1.01378,3
0,3.0,100.209405,0,1,1.603091,1.0,3
0,2.766441,103.393354,0,1,1.620109,1.413218,3
0,2.997524,100.642257,0,1,1.610647,1.238057,3
0,2.320201,113.501549,1,1,1.758618,2.164784,3
0,2.181057,113.215814,1,1,1.763259,2.08554,3
0,1.924632,112.323213,1,1,1.764138,2.006595,3
0,1.397468,112.277567,1,1,1.75596,2.01897,3
0,2.191429,115.347176,1,1,1.783381,2.102709,3
0,2.100177,114.534678,1,1,1.786532,2.099687,3
0,2.075321,114.187096,1,1,1.766626,2.144838,3
0,1.626369,114.144378,1,1,1.765464,2.109697,3
0,1.263216,111.635463,1,1,1.75853,1.981782,3
0,1.067909,111.950413,1,1,1.758539,1.98459,3
0,2.310751,109.758736,0,1,1.748015,1.006643,3
0,2.294259,111.169678,0,1,1.744974,1.87029,3
0,2.57649,103.743534,0,1,1.701566,1.38107,3
0,2.679664,103.250355,0,1,1.696412,1.0,3
0,2.938687,102.004554,0,1,1.680489,1.251715,3
0,2.654792,102.592171,0,1,1.703317,1.345407,3
0,2.731368,127.161381,1,1,1.877732,1.486824,3
0,2.22259,129.013178,1,1,1.909639,1.591909,3
0,2.432355,129.19449,1,1,1.909188,1.336526,3
0,2.497548,129.232708,1,1,1.910672,1.362583,3
0,2.671238,120.60094,1,1,1.779136,2.145368,3
0,2.57691,120.158049,1,1,1.767485,2.080187,3
0,2.341999,120.613561,1,1,1.783953,2.299878,3
0,2.117121,120.344402,1,1,1.76714,2.193008,3
0,2.247037,119.622764,1,1,1.816197,2.718408,3
0,2.244654,119.956651,1,1,1.839941,2.795752,3
0,2.128574,117.631707,1,1,1.84842,2.531984,3
0,2.068834,117.75701,1,1,1.830317,2.543841,3
0,2.073224,118.114184,1,1,1.750085,2.024035,3
0,2.145114,117.86159,1,1,1.763582,2.038128,3
0,2.997951,120.699119,1,1,1.816547,2.715856,3
0,2.911312,119.484614,1,1,1.805445,2.501808,3
0,2.159033,114.163921,1,1,1.770124,2.116399,3
0,2.175276,114.254278,1,1,1.77274,2.128176,3
0,2.21965,115.10813,1,1,1.763215,2.165408,3
0,2.203962,115.45845,1,1,1.766547,2.15687,3
0,1.947495,112.348722,1,1,1.773181,2.042073,3
0,2.262292,112.409191,1,1,1.76003,2.115354,3
0,2.219186,113.15464,1,1,1.780089,2.092326,3
0,2.314175,113.235538,1,1,1.766946,2.151809,3
0,2.423291,121.065052,1,1,1.885119,2.902682,3
0,2.637202,120.872294,1,1,1.828276,2.966647,3
0,2.974006,120.423567,1,1,1.806227,2.565828,3
0,2.347942,119.841446,1,1,1.812919,2.730663,3
0,2.654076,121.284533,1,1,1.859717,1.78471,3
0,2.739,121.527369,1,1,1.86516,1.824561,3
0,2.591292,120.921535,1,1,1.783609,2.31083,3
0,2.611847,120.919703,1,1,1.794827,2.364849,3
0,2.766612,120.009392,1,1,1.759647,2.173417,3
0,2.777165,120.209711,1,1,1.773521,2.106861,3
0,2.232836,118.26569,1,1,1.753327,2.146398,3
0,2.571274,118.370628,1,1,1.761068,2.224164,3
0,2.49619,125.077863,1,1,1.848845,1.662117,3
0,2.151335,125.973927,1,1,1.842812,1.491169,3
0,2.01695,124.95278,1,1,1.825449,1.83412,3
0,2.927187,126.418413,1,1,1.86198,1.508796,3
0,1.412566,113.069667,1,1,1.763987,2.002495,3
0,1.289315,112.835195,1,1,1.761519,2.007348,3
0,1.624366,114.067936,1,1,1.772045,2.081719,3
0,1.528331,114.004832,1,1,1.771817,2.079353,3
0,2.037042,117.93329,1,1,1.79858,2.43699,3
0,2.191108,117.849351,1,1,1.788586,2.444917,3
0,1.431346,118.332966,1,1,1.803207,2.098959,3
0,1.84199,118.377601,1,1,1.836592,2.503244,3
0,2.13683,118.40174,1,1,1.762921,1.885926,3
0,2.499388,119.201465,1,1,1.752863,1.959777,3
0,2.230742,117.792268,1,1,1.768235,1.831187,3
0,2.240757,118.134898,1,1,1.766888,1.895876,3
0,2.996186,101.038263,0,1,1.603501,1.270166,3
0,2.649406,103.180918,0,1,1.690262,1.153286,3
0,2.525884,103.276087,0,1,1.712905,1.0,3
0,2.736647,102.784864,0,1,1.695735,1.0,3
0,2.684335,121.04172,1,1,1.829971,2.732331,3
0,3.0,121.248035,1,1,1.84629,2.628816,3
0,2.425503,119.081804,1,1,1.774983,2.017602,3
0,1.469384,118.436166,1,1,1.78968,2.067741,3
0,2.906269,121.310257,1,1,1.852664,2.435489,3
0,2.808027,121.471077,1,1,1.872561,2.640483,3
0,2.636719,120.775439,1,1,1.81955,1.967591,3
0,2.996717,120.337664,1,1,1.815514,2.626309,3
0,2.880483,100.245302,0,1,1.614075,1.006378,3
0,2.885693,100.078367,0,1,1.609418,1.011849,3
0,2.913452,101.141277,0,1,1.650189,1.0,3
0,2.919526,102.583895,0,1,1.653876,1.175714,3
0,2.724121,105.580491,0,1,1.657132,1.590418,3
0,2.801992,101.067988,0,1,1.644751,1.128942,3
0,2.748971,104.321463,0,1,1.660761,1.448875,3
0,2.680375,102.59518,0,1,1.69151,1.366238,3
1,3.0,102.093223,1,1,1.611462,1.023328,4
1,3.0,105.055597,1,1,1.584782,1.197667,4
1,3.0,137.859737,1,1,1.792378,2.838893,4
1,3.0,149.935848,1,1,1.802257,2.181811,4
1,3.0,111.93301,1,1,1.65632,2.774014,4
1,3.0,105.448264,1,1,1.600762,1.031354,4
1,3.0,104.954834,1,1,1.678658,1.66616,4
1,3.0,109.900472,1,1,1.678201,1.471664,4
1,3.0,121.205171,1,1,1.65563,1.347559,4
1,3.0,133.76473,1,1,1.694952,1.338241,4
1,3.0,109.959714,1,1,1.622771,2.679137,4
1,3.0,110.545378,1,1,1.583889,2.578292,4
1,3.0,131.529267,1,1,1.729045,1.302193,4
1,3.0,114.465425,1,1,1.664622,2.408442,4
1,3.0,127.902844,1,1,1.747773,1.705218,4
1,3.0,152.094362,1,1,1.730113,2.374958,4
1,3.0,133.800129,1,1,1.746652,2.869234,4
1,3.0,114.511537,1,1,1.719365,2.987406,4
1,3.0,111.946655,1,1,1.632377,2.737091,4
1,3.0,111.868169,1,1,1.642572,2.623489,4
1,3.0,104.758713,1,1,1.654875,2.612758,4
1,3.0,107.482662,1,1,1.627567,2.687378,4
1,3.0,130.927138,1,1,1.736276,1.852692,4
1,3.0,132.527011,1,1,1.737056,2.86559,4
1,3.0,102.003378,1,1,1.580968,1.003563,4
1,3.0,103.026858,1,1,1.607128,1.077253,4
1,3.0,142.102468,1,1,1.821566,2.714949,4
1,3.0,152.720545,1,1,1.82773,2.154949,4
1,3.0,111.993054,1,1,1.656504,2.893117,4
1,3.0,111.208963,1,1,1.637725,2.70914,4
1,3.0,104.585783,1,1,1.669701,1.570188,4
1,3.0,104.754958,1,1,1.668709,1.412049,4
1,3.0,124.704781,1,1,1.668642,1.15635,4
1,3.0,129.769141,1,1,1.690614,1.154698,4
1,3.0,110.676343,1,1,1.622418,2.691584,4
1,3.0,110.824698,1,1,1.643332,2.709654,4
1,3.0,135.524857,1,1,1.733383,1.485736,4
1,3.0,133.573787,1,1,1.748313,2.874336,4
1,3.0,138.730619,1,1,1.812963,2.641489,4
1,3.0,155.872093,1,1,1.80734,2.417122,4
1,3.0,133.665587,1,1,1.745644,2.900857,4
1,3.0,133.852432,1,1,1.753266,2.95311,4
1,3.0,111.886611,1,1,1.632193,2.617988,4
1,3.0,111.818345,1,1,1.641098,2.55057,4
1,3.0,104.808542,1,1,1.640741,2.653531,4
1,3.0,104.928643,1,1,1.618573,1.698767,4
1,3.0,133.365094,1,1,1.757442,2.84837,4
1,3.0,133.952675,1,1,1.763343,2.835622,4
1,3.0,102.38745,1,1,1.610086,1.050564,4
1,3.0,102.781971,1,1,1.664463,1.068493,4
1,3.0,104.899348,1,1,1.602025,2.613928,4
1,3.0,104.988925,1,1,1.632896,1.239833,4
1,3.0,137.044959,1,1,1.771043,2.861533,4
1,3.0,137.767787,1,1,1.789555,2.832659,4
1,3.0,141.166265,1,1,1.801746,2.418488,4
1,3.0,151.975864,1,1,1.787195,2.304716,4
1,3.0,111.942544,1,1,1.644141,2.763005,4
1,3.0,111.600553,1,1,1.643355,2.652616,4
1,3.0,105.037463,1,1,1.623707,2.553198,4
1,3.0,105.423532,1,1,1.610636,2.180566,4
1,3.0,104.839068,1,1,1.629491,2.20979,4
1,3.0,104.821175,1,1,1.684768,1.444379,4
1,3.0,110.92217,1,1,1.66494,1.604075,4
1,3.0,110.21734,1,1,1.655646,1.528258,4
1,3.0,124.805868,1,1,1.666194,1.228838,4
1,3.0,121.864326,1,1,1.707508,1.615548,4
1,3.0,133.783955,1,1,1.754174,1.94595,4
1,3.0,131.866734,1,1,1.714193,1.709556,4
1,3.0,110.008636,1,1,1.62439,2.507461,4
1,3.0,110.970479,1,1,1.638836,2.644135,4
1,3.0,111.267334,1,1,1.621245,2.605685,4
1,3.0,109.980145,1,1,1.623514,2.217348,4
1,3.0,132.145549,1,1,1.736215,1.657541,4
1,3.0,132.904884,1,1,1.732951,1.817899,4
1,3.0,114.480696,1,1,1.69135,2.509535,4
1,3.0,113.277388,1,1,1.635062,2.578038,4
1,3.0,128.261402,1,1,1.746061,2.501638,4
1,3.0,129.363771,1,1,1.746529,2.250711,4
1,3.0,144.302261,1,1,1.746516,2.36651,4
1,3.0,149.291106,1,1,1.751118,2.309409,4
1,3.0,132.57927,1,1,1.741014,2.436261,4
1,3.0,133.94608,1,1,1.748533,2.833566,4
1,3.0,112.776612,1,1,1.694726,2.724099,4
1,3.0,112.879662,1,1,1.674515,2.989389,4
1,3.0,111.829957,1,1,1.631332,2.55975,4
1,3.0,111.86899,1,1,1.641918,2.635454,4
1,3.0,111.539494,1,1,1.640125,2.625537,4
1,3.0,111.914361,1,1,1.649178,2.884077,4
1,3.0,105.031908,1,1,1.603404,1.919473,4
1,3.0,105.036075,1,1,1.644199,2.310076,4
1,3.0,106.875927,1,1,1.628909,2.686824,4
1,3.0,108.265922,1,1,1.628019,1.6213,4
1,3.0,133.466763,1,1,1.71818,1.517215,4
1,3.0,131.274851,1,1,1.708581,1.796956,4
1,3.0,132.94066,1,1,1.724983,2.085553,4
1,3.0,133.485478,1,1,1.739991,2.837797,4
1,3.0,102.000122,1,1,1.568543,1.000544,4
1,3.0,102.134646,1,1,1.579893,1.005864,4
1,3.0,154.618446,1,1,1.782714,2.319559,4
1,3.0,160.935351,1,1,1.793824,2.069257,4
1,3.0,111.999096,1,1,1.659557,2.956548,4
1,3.0,111.95611,1,1,1.65782,2.777557,4
1,3.0,104.592372,1,1,1.684082,1.295436,4
1,3.0,104.846817,1,1,1.68395,1.241378,4
1,3.0,127.642324,1,1,1.716521,1.313834,4
1,3.0,125.418548,1,1,1.680762,1.124366,4
1,3.0,110.81746,1,1,1.623303,2.673754,4
1,3.0,110.804337,1,1,1.631856,2.70485,4
1,3.0,136.516648,1,1,1.747479,1.607531,4
1,3.0,137.852618,1,1,1.782453,2.748909,4
1,3.0,152.394739,1,1,1.809871,2.351207,4
1,3.0,160.639405,1,1,1.803677,2.404049,4
1,3.0,133.554686,1,1,1.745602,2.923792,4
1,3.0,133.843033,1,1,1.751038,2.955075,4
1,3.0,111.588625,1,1,1.631547,2.554007,4
1,3.0,111.571076,1,1,1.635905,2.511399,4
1,3.0,104.846218,1,1,1.616975,2.653563,4
1,3.0,104.92057,1,1,1.62788,2.588107,4
1,3.0,133.888629,1,1,1.76416,2.32502,4
1,3.0,133.937873,1,1,1.763847,2.836791,4
1,3.0,102.083964,1,1,1.608808,1.019684,4
1,3.0,102.174953,1,1,1.610488,1.032834,4
1,3.0,104.986792,1,1,1.621231,1.653049,4
1,3.0,104.988082,1,1,1.642392,1.204055,4
1,3.0,138.034526,1,1,1.801983,2.691591,4
1,3.0,137.858254,1,1,1.787614,2.531456,4
1,3.0,151.417292,1,1,1.801478,2.226081,4
1,3.0,152.567671,1,1,1.807576,2.164718,4
1,3.0,111.939671,1,1,1.650125,2.770732,4
1,3.0,111.919155,1,1,1.652674,2.814517,4
1,3.0,105.122109,1,1,1.663632,1.626467,4
1,3.0,105.428628,1,1,1.627818,1.48075,4
1,3.0,104.774144,1,1,1.66877,1.526416,4
1,3.0,104.966758,1,1,1.642098,1.482002,4
1,3.0,109.931233,1,1,1.65757,1.610472,4
1,3.0,109.910012,1,1,1.643111,1.530992,4
1,3.0,121.639178,1,1,1.675562,1.484938,4
1,3.0,120.748213,1,1,1.661415,1.91039,4
1,3.0,133.735889,1,1,1.713133,1.411365,4
1,3.0,133.886031,1,1,1.7199,2.41752,4
1,3.0,109.982692,1,1,1.622701,2.688229,4
1,3.0,110.400847,1,1,1.622468,2.695094,4
1,3.0,110.777391,1,1,1.618867,2.618198,4
1,3.0,110.074946,1,1,1.600905,2.555189,4
1,3.0,131.902591,1,1,1.730636,1.419136,4
1,3.0,131.877558,1,1,1.729719,1.422483,4
1,3.0,114.470482,1,1,1.677672,2.426094,4
1,3.0,113.90506,1,1,1.637524,2.495961,4
1,3.0,128.114161,1,1,1.738717,1.797041,4
1,3.0,128.763843,1,1,1.741193,1.768111,4
1,3.0,152.43563,1,1,1.792833,2.365188,4
1,3.0,152.217135,1,1,1.810427,2.299156,4
1,3.0,133.281333,1,1,1.743589,2.684819,4
1,3.0,133.936535,1,1,1.747962,2.84174,4
1,3.0,113.372851,1,1,1.71146,2.796894,4
1,3.0,113.451224,1,1,1.685482,2.987718,4
1,3.0,111.927001,1,1,1.639251,2.675567,4
1,3.0,111.933152,1,1,1.654784,2.770125,4
1,3.0,111.856492,1,1,1.641209,2.621877,4
1,3.0,111.894229,1,1,1.643167,2.72005,4
1,3.0,104.790549,1,1,1.63073,2.436097,4
1,3.0,104.791035,1,1,1.649867,2.535629,4
1,3.0,107.012256,1,1,1.613574,2.678779,4
1,3.0,106.69053,1,1,1.627532,2.569713,4
1,3.0,131.76807,1,1,1.726606,1.759352,4
1,3.0,131.042274,1,1,1.721476,1.837184,4
1,3.0,132.8071,1,1,1.742901,2.856795,4
1,3.0,133.166595,1,1,1.737313,2.846259,4
1,3.0,102.233445,1,1,1.62414,1.067716,4
1,3.0,102.277765,1,1,1.644078,1.029241,4
1,3.0,102.874549,1,1,1.592529,1.074412,4
1,3.0,102.305767,1,1,1.607734,1.030501,4
1,3.0,141.917802,1,1,1.817271,2.699675,4
1,3.0,140.292018,1,1,1.808765,2.830247,4
1,3.0,152.371911,1,1,1.817231,2.305521,4
1,3.0,151.278532,1,1,1.819728,2.155926,4
1,3.0,111.949972,1,1,1.656465,2.784303,4
1,3.0,111.950113,1,1,1.648143,2.786417,4
1,3.0,111.216192,1,1,1.622703,2.707201,4
1,3.0,111.036881,1,1,1.640606,2.709428,4
1,3.0,104.759643,1,1,1.683502,1.525127,4
1,3.0,104.593929,1,1,1.669039,1.554925,4
1,3.0,104.704707,1,1,1.673665,1.170515,4
1,3.0,104.768318,1,1,1.668931,1.436616,4
1,3.0,126.490236,1,1,1.700996,1.242832,4
1,3.0,125.117633,1,1,1.734092,1.54249,4
1,3.0,130.986338,1,1,1.708291,1.205548,4
1,3.0,130.871127,1,1,1.716497,1.301657,4
1,3.0,111.00492,1,1,1.62495,2.704315,4
1,3.0,110.640929,1,1,1.594776,2.639816,4
1,3.0,110.818757,1,1,1.626503,2.708927,4
1,3.0,110.803117,1,1,1.624576,2.704827,4
1,3.0,134.842656,1,1,1.729099,1.3954,4
1,3.0,135.346677,1,1,1.73581,2.611654,4
1,3.0,133.878843,1,1,1.748524,2.868167,4
1,3.0,133.662583,1,1,1.748951,2.247979,4
1,3.0,137.785027,1,1,1.777971,2.702789,4
1,3.0,135.693381,1,1,1.73995,1.663213,4
1,3.0,153.959945,1,1,1.816868,2.414739,4
1,3.0,155.242672,1,1,1.8002,2.351193,4
1,3.0,133.644711,1,1,1.74647,2.896088,4
1,3.0,133.903612,1,1,1.759091,2.862408,4
1,3.0,133.618706,1,1,1.752531,2.887659,4
1,3.0,133.903469,1,1,1.761773,2.893062,4
1,3.0,111.883747,1,1,1.633195,2.619517,4
1,3.0,111.9307,1,1,1.633945,2.682804,4
1,3.0,111.830924,1,1,1.641601,2.552388,4
1,3.0,111.841706,1,1,1.641132,2.617401,4
1,3.0,104.810024,1,1,1.638218,2.654636,4
1,3.0,104.881994,1,1,1.627483,2.569364,4
1,3.0,104.936381,1,1,1.610225,1.322004,4
1,3.0,105.013901,1,1,1.61739,1.292479,4
1,3.0,133.45249,1,1,1.744319,2.839069,4
1,3.0,133.478611,1,1,1.755467,2.843782,4
1,3.0,133.747012,1,1,1.746416,2.858389,4
1,3.0,133.676663,1,1,1.746411,2.864933,4
1,3.0,102.363149,1,1,1.611452,1.031701,4
1,3.0,102.320437,1,1,1.596813,1.000536,4
1,3.0,102.686908,1,1,1.610126,1.020313,4
1,3.0,102.555691,1,1,1.623113,1.063422,4
1,3.0,104.94582,1,1,1.618348,2.45126,4
1,3.0,104.854928,1,1,1.609401,2.613504,4
1,3.0,105.313967,1,1,1.621671,1.042989,4
1,3.0,104.999403,1,1,1.614484,1.237557,4
1,3.0,138.202869,1,1,1.789143,2.83377,4
1,3.0,138.143162,1,1,1.774207,2.816052,4
1,3.0,137.832414,1,1,1.792933,2.682909,4
1,3.0,137.79299,1,1,1.758959,2.640539,4
1,3.0,141.799429,1,1,1.807406,2.472903,4
1,3.0,142.545183,1,1,1.75091,2.372058,4
1,3.0,153.149491,1,1,1.805803,2.387991,4
1,3.0,152.473675,1,1,1.796538,2.322003,4
1,3.0,111.946321,1,1,1.634894,2.737353,4
1,3.0,111.945588,1,1,1.639524,2.739351,4
1,3.0,111.720238,1,1,1.643017,2.632498,4
1,3.0,111.682693,1,1,1.641849,2.632253,4
1,3.0,104.947703,1,1,1.621167,2.57721,4
1,3.0,105.036522,1,1,1.638075,2.419153,4
1,3.0,105.407313,1,1,1.60937,2.609052,4
1,3.0,105.359688,1,1,1.608283,2.476002,4
1,3.0,104.835346,1,1,1.629442,2.225139,4
1,3.0,104.838425,1,1,1.629225,2.556068,4
1,3.0,104.807284,1,1,1.680218,1.423073,4
1,3.0,104.772164,1,1,1.686033,1.299194,4
1,3.0,110.930509,1,1,1.662978,1.679489,4
1,3.0,110.621723,1,1,1.675185,1.49583,4
1,3.0,110.10589,1,1,1.62456,1.81786,4
1,3.0,110.074019,1,1,1.626179,1.967707,4
1,3.0,127.427458,1,1,1.682594,1.441289,4
1,3.0,126.088301,1,1,1.669354,1.144539,4
1,3.0,121.889803,1,1,1.68838,1.353167,4
1,3.0,122.813033,1,1,1.694439,1.409444,4
1,3.0,133.870501,1,1,1.755476,1.959287,4
1,3.0,133.259033,1,1,1.748106,1.931163,4
1,3.0,131.567481,1,1,1.719913,1.651462,4
1,3.0,131.929712,1,1,1.723587,1.683448,4
1,3.0,109.996742,1,1,1.623812,2.395387,4
1,3.0,109.978402,1,1,1.624099,2.523793,4
1,3.0,111.157811,1,1,1.632983,2.638896,4
1,3.0,110.919646,1,1,1.640745,2.666178,4
1,3.0,111.275646,1,1,1.629727,2.495851,4
1,3.0,111.531208,1,1,1.624134,2.609188,4
1,3.0,109.984263,1,1,1.623938,2.471721,4
1,3.0,110.168166,1,1,1.593321,2.447306,4
1,3.0,132.116491,1,1,1.730333,1.674061,4
1,3.0,132.054793,1,1,1.721057,1.678791,4
1,3.0,132.262558,1,1,1.71978,1.777805,4
1,3.0,133.10761,1,1,1.699315,1.733306,4
1,3.0,114.479459,1,1,1.681394,2.435978,4
1,3.0,114.482386,1,1,1.697421,2.909675,4
1,3.0,113.774198,1,1,1.650726,2.75137,4
1,3.0,112.982549,1,1,1.667383,2.887909,4
1,3.0,128.705761,1,1,1.746277,2.411582,4
1,3.0,126.798173,1,1,1.735461,2.38639,4
1,3.0,128.148108,1,1,1.747714,2.232601,4
1,3.0,129.466541,1,1,1.71582,1.755907,4
1,3.0,147.296186,1,1,1.747987,2.336349,4
1,3.0,142.559161,1,1,1.817917,2.562002,4
1,3.0,150.51648,1,1,1.80835,2.305574,4
1,3.0,150.37757,1,1,1.739457,2.319912,4
1,3.0,133.779919,1,1,1.742062,2.70196,4
1,3.0,133.017105,1,1,1.741925,2.474518,4
1,3.0,133.845064,1,1,1.751067,2.748569,4
1,3.0,133.955091,1,1,1.749118,2.827773,4
1,3.0,113.077187,1,1,1.663341,2.632224,4
1,3.0,112.555456,1,1,1.668537,2.868679,4
1,3.0,112.249699,1,1,1.668951,2.930137,4
1,3.0,112.098616,1,1,1.661712,2.961899,4
1,3.0,111.821817,1,1,1.633442,2.550672,4
1,3.0,111.863186,1,1,1.63302,2.584305,4
1,3.0,111.878132,1,1,1.633887,2.621976,4
1,3.0,111.939983,1,1,1.643421,2.722276,4
1,3.0,111.555967,1,1,1.640535,2.634342,4
1,3.0,111.357062,1,1,1.626483,2.61939,4
1,3.0,111.922491,1,1,1.64599,2.78678,4
1,3.0,111.884535,1,1,1.643892,2.768141,4
1,3.0,104.950776,1,1,1.617817,1.71659,4
1,3.0,104.879602,1,1,1.626449,2.094901,4
1,3.0,105.037203,1,1,1.62658,2.347322,4
1,3.0,104.954291,1,1,1.606474,2.331123,4
1,3.0,108.090006,1,1,1.628855,1.757105,4
1,3.0,107.378702,1,1,1.628205,2.506631,4
1,3.0,107.218949,1,1,1.62847,2.48707,4
1,3.0,108.10736,1,1,1.627839,2.320068,4
1,3.0,133.033523,1,1,1.724268,1.650612,4
1,3.0,133.043941,1,1,1.732383,1.610768,4
1,3.0,131.335786,1,1,1.72692,1.796267,4
1,3.0,131.408528,1,1,1.71073,1.728139,4
1,3.0,133.742943,1,1,1.748584,2.00513,4
1,3.0,133.689352,1,1,1.752206,2.054193,4
1,3.0,133.346641,1,1,1.73945,2.852339,4
1,3.0,133.472641,1,1,1.738836,2.863513,4
